Item_Name, Buff_Price
Dual Berettas | Duelist (Field-Tested), 143.73
Dual Berettas | Duelist (Factory New), 156.04
Dual Berettas | Duelist (Minimal Wear), 191.51
Dual Berettas | Duelist (Battle-Scarred), 150.58
Dual Berettas | Duelist (Well-Worn), 0
Souvenir Dual Berettas | Demolition (Well-Worn), 9.29
Dual Berettas | Demolition (Field-Tested), 10.4
Dual Berettas | Demolition (Battle-Scarred), 6.82
Dual Berettas | Demolition (Well-Worn), 5.98
Souvenir Dual Berettas | Demolition (Field-Tested), 11.64
Souvenir Dual Berettas | Demolition (Battle-Scarred), 10.16
Dual Berettas | Sweet Little Angels (Factory New), 15.88
Dual Berettas | Sweet Little Angels (Field-Tested), 7.65
Dual Berettas | Sweet Little Angels (Minimal Wear), 10.87
Dual Berettas | Sweet Little Angels (Battle-Scarred), 7.26
Dual Berettas | Sweet Little Angels (Well-Worn), 8.34
Desert Eagle | Calligraffiti (Well-Worn), 0.12
StatTrak™ Desert Eagle | Calligraffiti (Minimal Wear), 1.07
Desert Eagle | Calligraffiti (Field-Tested), 0.16
StatTrak™ Desert Eagle | Calligraffiti (Factory New), 4.7
Desert Eagle | Calligraffiti (Minimal Wear), 0.37
Desert Eagle | Calligraffiti (Factory New), 0.83
StatTrak™ Desert Eagle | Calligraffiti (Field-Tested), 0.52
Desert Eagle | Calligraffiti (Battle-Scarred), 0.11
StatTrak™ Desert Eagle | Calligraffiti (Well-Worn), 0.45
StatTrak™ Desert Eagle | Calligraffiti (Battle-Scarred), 0.44
StatTrak™ Desert Eagle | Light Rail (Field-Tested), 2.72
StatTrak™ Desert Eagle | Light Rail (Factory New), 13.26
StatTrak™ Desert Eagle | Light Rail (Minimal Wear), 5.35
StatTrak™ Desert Eagle | Light Rail (Battle-Scarred), 2.64
StatTrak™ Desert Eagle | Light Rail (Well-Worn), 2.87
Desert Eagle | Pilot (Minimal Wear), 87.54
Desert Eagle | Pilot (Battle-Scarred), 71.11
Desert Eagle | Pilot (Field-Tested), 64.2
Desert Eagle | Pilot (Factory New), 121.08
Desert Eagle | Pilot (Well-Worn), 68.44
Souvenir Five-SeveN | Contractor (Minimal Wear), 1.3
Souvenir Five-SeveN | Contractor (Field-Tested), 0.39
Souvenir Five-SeveN | Contractor (Well-Worn), 0.53
Souvenir Five-SeveN | Contractor (Factory New), 9.58
Souvenir Five-SeveN | Contractor (Battle-Scarred), 0.41
Desert Eagle | Naga (Field-Tested), 1.19
StatTrak™ Desert Eagle | Naga (Field-Tested), 4.05
Desert Eagle | Naga (Factory New), 4.79
StatTrak™ Desert Eagle | Naga (Minimal Wear), 5.61
StatTrak™ Desert Eagle | Naga (Well-Worn), 3.69
Desert Eagle | Naga (Battle-Scarred), 1.19
Desert Eagle | Naga (Minimal Wear), 2.16
Desert Eagle | Naga (Well-Worn), 1.16
StatTrak™ Desert Eagle | Naga (Battle-Scarred), 3.7
StatTrak™ Desert Eagle | Naga (Factory New), 16.96
Desert Eagle | Night Heist (Factory New), 14.64
Desert Eagle | Night Heist (Minimal Wear), 13.28
Desert Eagle | Night Heist (Field-Tested), 12.32
Desert Eagle | Night Heist (Well-Worn), 28.2
Desert Eagle | Night Heist (Battle-Scarred), 12.01
Souvenir Glock-18 | Reactor (Minimal Wear), 21.22
Glock-18 | Reactor (Minimal Wear), 6.93
Glock-18 | Reactor (Field-Tested), 6.12
Glock-18 | Reactor (Factory New), 10.24
Souvenir Glock-18 | Reactor (Field-Tested), 10.09
Souvenir Glock-18 | Reactor (Well-Worn), 9.72
Souvenir Glock-18 | Reactor (Battle-Scarred), 8.82
Glock-18 | Reactor (Battle-Scarred), 5.75
Glock-18 | Reactor (Well-Worn), 5.1
Souvenir Glock-18 | Reactor (Factory New), 108.14
Souvenir Dual Berettas | Colony (Minimal Wear), 1.17
Souvenir Dual Berettas | Colony (Field-Tested), 0.26
Souvenir Dual Berettas | Colony (Well-Worn), 0.47
Souvenir Dual Berettas | Colony (Battle-Scarred), 0.54
Souvenir Dual Berettas | Colony (Factory New), 8.87
StatTrak™ Dual Berettas | Dezastre (Field-Tested), 4.56
StatTrak™ Dual Berettas | Dezastre (Minimal Wear), 7.61
StatTrak™ Dual Berettas | Dezastre (Factory New), 12.05
StatTrak™ Dual Berettas | Dezastre (Well-Worn), 5.48
StatTrak™ Dual Berettas | Dezastre (Battle-Scarred), 3.42
Glock-18 | Sand Dune (Field-Tested), 6.82
Glock-18 | Sand Dune (Minimal Wear), 23.4
Glock-18 | Sand Dune (Well-Worn), 121.61
Glock-18 | Sand Dune (Battle-Scarred), 6.57
Glock-18 | Sand Dune (Factory New), 116.19
StatTrak™ Desert Eagle | Directive (Battle-Scarred), 1.55
StatTrak™ Desert Eagle | Directive (Field-Tested), 1.5
StatTrak™ Desert Eagle | Directive (Minimal Wear), 6.27
StatTrak™ Desert Eagle | Directive (Well-Worn), 1.63
StatTrak™ Desert Eagle | Directive (Factory New), 37.79
Desert Eagle | Ocean Drive (Field-Tested), 15.25
Desert Eagle | Ocean Drive (Minimal Wear), 36.96
StatTrak™ Desert Eagle | Ocean Drive (Well-Worn), 36.96
Desert Eagle | Ocean Drive (Factory New), 112.25
StatTrak™ Desert Eagle | Ocean Drive (Field-Tested), 47.18
Desert Eagle | Ocean Drive (Battle-Scarred), 14.14
Desert Eagle | Ocean Drive (Well-Worn), 14.42
StatTrak™ Desert Eagle | Ocean Drive (Minimal Wear), 99.91
StatTrak™ Desert Eagle | Ocean Drive (Factory New), 364.4
StatTrak™ Desert Eagle | Ocean Drive (Battle-Scarred), 35.86
Souvenir Desert Eagle | Urban DDPAT (Field-Tested), 0.51
Souvenir Desert Eagle | Urban DDPAT (Battle-Scarred), 0.6
Souvenir Desert Eagle | Urban DDPAT (Minimal Wear), 1.92
Souvenir Desert Eagle | Urban DDPAT (Well-Worn), 0.85
Souvenir Desert Eagle | Urban DDPAT (Factory New), 12.58
Five-SeveN | Scrawl (Minimal Wear), 0.11
Five-SeveN | Scrawl (Field-Tested), 0.05
Five-SeveN | Scrawl (Battle-Scarred), 0.05
StatTrak™ Five-SeveN | Scrawl (Factory New), 1.51
StatTrak™ Five-SeveN | Scrawl (Minimal Wear), 0.34
Five-SeveN | Scrawl (Factory New), 0.34
StatTrak™ Five-SeveN | Scrawl (Field-Tested), 0.13
Five-SeveN | Scrawl (Well-Worn), 0.04
StatTrak™ Five-SeveN | Scrawl (Well-Worn), 0.11
StatTrak™ Five-SeveN | Scrawl (Battle-Scarred), 0.15
StatTrak™ Dual Berettas | Shred (Factory New), 1.18
StatTrak™ Dual Berettas | Shred (Battle-Scarred), 0.34
StatTrak™ Dual Berettas | Shred (Field-Tested), 0.41
StatTrak™ Dual Berettas | Shred (Minimal Wear), 0.68
StatTrak™ Dual Berettas | Shred (Well-Worn), 0.41
Souvenir Desert Eagle | Mudder (Field-Tested), 76.25
Souvenir Desert Eagle | Mudder (Minimal Wear), 288.31
Souvenir Desert Eagle | Mudder (Battle-Scarred), 501.61
Souvenir Desert Eagle | Mudder (Well-Worn), 0
Souvenir Desert Eagle | Mudder (Factory New), 0
StatTrak™ Dual Berettas | Retribution (Field-Tested), 4.08
StatTrak™ Dual Berettas | Retribution (Minimal Wear), 6.57
StatTrak™ Dual Berettas | Retribution (Factory New), 6.8
StatTrak™ Dual Berettas | Retribution (Well-Worn), 0
Dual Berettas | Melondrama (Factory New), 7.38
Dual Berettas | Melondrama (Well-Worn), 1.08
Dual Berettas | Melondrama (Minimal Wear), 3.01
StatTrak™ Dual Berettas | Melondrama (Field-Tested), 2.28
Dual Berettas | Melondrama (Field-Tested), 1.49
Dual Berettas | Melondrama (Battle-Scarred), 1.04
StatTrak™ Dual Berettas | Melondrama (Minimal Wear), 4.67
StatTrak™ Dual Berettas | Melondrama (Factory New), 15.19
StatTrak™ Dual Berettas | Melondrama (Battle-Scarred), 1.64
StatTrak™ Dual Berettas | Melondrama (Well-Worn), 1.78
StatTrak™ Dual Berettas | Elite 1.6 (Factory New), 1.12
Dual Berettas | Elite 1.6 (Minimal Wear), 0.17
Dual Berettas | Elite 1.6 (Factory New), 0.26
StatTrak™ Dual Berettas | Elite 1.6 (Field-Tested), 0.18
StatTrak™ Dual Berettas | Elite 1.6 (Minimal Wear), 0.41
Dual Berettas | Elite 1.6 (Battle-Scarred), 0.13
Dual Berettas | Elite 1.6 (Field-Tested), 0.15
StatTrak™ Dual Berettas | Elite 1.6 (Well-Worn), 0.26
StatTrak™ Dual Berettas | Elite 1.6 (Battle-Scarred), 0.27
Dual Berettas | Elite 1.6 (Well-Worn), 0.17
Desert Eagle | Sputnik (Field-Tested), 1.16
Desert Eagle | Sputnik (Minimal Wear), 1.26
Desert Eagle | Sputnik (Factory New), 1.85
Desert Eagle | Sputnik (Well-Worn), 1.35
Desert Eagle | Sputnik (Battle-Scarred), 1.04
StatTrak™ Desert Eagle | Conspiracy (Minimal Wear), 17.38
StatTrak™ Desert Eagle | Conspiracy (Factory New), 25.94
StatTrak™ Desert Eagle | Conspiracy (Field-Tested), 16.14
StatTrak™ Desert Eagle | Blue Ply (Field-Tested), 0.79
Desert Eagle | Blue Ply (Well-Worn), 0.18
Desert Eagle | Blue Ply (Battle-Scarred), 0.18
Desert Eagle | Blue Ply (Field-Tested), 0.24
StatTrak™ Desert Eagle | Blue Ply (Minimal Wear), 1.5
Desert Eagle | Blue Ply (Factory New), 1.51
StatTrak™ Desert Eagle | Blue Ply (Well-Worn), 0.62
Desert Eagle | Blue Ply (Minimal Wear), 0.37
StatTrak™ Desert Eagle | Blue Ply (Battle-Scarred), 0.6
StatTrak™ Desert Eagle | Blue Ply (Factory New), 6.27
Desert Eagle | Starcade (Factory New), 155.63
Desert Eagle | Starcade (Minimal Wear), 113.48
Desert Eagle | Starcade (Battle-Scarred), 43.53
Desert Eagle | Starcade (Field-Tested), 79.94
Desert Eagle | Starcade (Well-Worn), 65.29
Desert Eagle | Kumicho Dragon (Minimal Wear), 21.74
Desert Eagle | Kumicho Dragon (Field-Tested), 16.28
Desert Eagle | Kumicho Dragon (Factory New), 28.88
Desert Eagle | Kumicho Dragon (Battle-Scarred), 14.63
StatTrak™ Desert Eagle | Kumicho Dragon (Field-Tested), 34.88
StatTrak™ Desert Eagle | Kumicho Dragon (Factory New), 77.89
Desert Eagle | Kumicho Dragon (Well-Worn), 22.59
StatTrak™ Desert Eagle | Kumicho Dragon (Minimal Wear), 47.76
StatTrak™ Desert Eagle | Kumicho Dragon (Battle-Scarred), 34.21
StatTrak™ Desert Eagle | Kumicho Dragon (Well-Worn), 54.76
Dual Berettas | Anodized Navy (Factory New), 1.92
Souvenir Dual Berettas | Anodized Navy (Factory New), 7.46
Dual Berettas | Anodized Navy (Minimal Wear), 4.83
Souvenir Dual Berettas | Anodized Navy (Minimal Wear), 46.54
Five-SeveN | Berries And Cherries (Factory New), 85.69
Five-SeveN | Berries And Cherries (Minimal Wear), 91.1
Souvenir Dual Berettas | Drift Wood (Factory New), 0.41
Dual Berettas | Drift Wood (Factory New), 3.65
Dual Berettas | Drift Wood (Minimal Wear), 3.47
Souvenir Dual Berettas | Drift Wood (Field-Tested), 0.07
Souvenir Dual Berettas | Drift Wood (Minimal Wear), 0.12
Dual Berettas | Drift Wood (Well-Worn), 3.27
Dual Berettas | Drift Wood (Field-Tested), 3.29
Souvenir Dual Berettas | Drift Wood (Well-Worn), 0.12
Souvenir Dual Berettas | Drift Wood (Battle-Scarred), 0.08
Dual Berettas | Drift Wood (Battle-Scarred), 3.31
Desert Eagle | Mudder (Well-Worn), 0.05
Desert Eagle | Mudder (Field-Tested), 0.06
Desert Eagle | Mudder (Minimal Wear), 0.09
Desert Eagle | Mudder (Battle-Scarred), 0.06
Desert Eagle | Mudder (Factory New), 0.38
StatTrak™ Dual Berettas | Royal Consorts (Minimal Wear), 2.61
StatTrak™ Dual Berettas | Royal Consorts (Battle-Scarred), 0.72
StatTrak™ Dual Berettas | Royal Consorts (Field-Tested), 0.97
StatTrak™ Dual Berettas | Royal Consorts (Factory New), 8.62
StatTrak™ Dual Berettas | Royal Consorts (Well-Worn), 0.75
StatTrak™ Five-SeveN | Monkey Business (Field-Tested), 5.83
StatTrak™ Five-SeveN | Monkey Business (Well-Worn), 4.89
StatTrak™ Five-SeveN | Monkey Business (Minimal Wear), 28.5
StatTrak™ Five-SeveN | Monkey Business (Battle-Scarred), 5.34
Five-SeveN | Case Hardened (Field-Tested), 8.61
Five-SeveN | Case Hardened (Well-Worn), 9.48
Five-SeveN | Case Hardened (Minimal Wear), 10.18
StatTrak™ Five-SeveN | Case Hardened (Field-Tested), 24.19
StatTrak™ Five-SeveN | Case Hardened (Well-Worn), 21.7
Five-SeveN | Case Hardened (Battle-Scarred), 8.73
Five-SeveN | Case Hardened (Factory New), 15.32
StatTrak™ Five-SeveN | Case Hardened (Minimal Wear), 35.51
StatTrak™ Five-SeveN | Case Hardened (Factory New), 63.79
StatTrak™ Five-SeveN | Case Hardened (Battle-Scarred), 20.33
Souvenir Dual Berettas | Oil Change (Field-Tested), 0.02
Souvenir Dual Berettas | Oil Change (Minimal Wear), 0.03
Souvenir Dual Berettas | Oil Change (Factory New), 0.08
Souvenir Dual Berettas | Oil Change (Well-Worn), 0.27
Souvenir Dual Berettas | Oil Change (Battle-Scarred), 0.13
Dual Berettas | Flora Carnivora (Factory New), 1.97
Dual Berettas | Flora Carnivora (Minimal Wear), 0.81
Dual Berettas | Flora Carnivora (Field-Tested), 0.44
StatTrak™ Dual Berettas | Flora Carnivora (Minimal Wear), 1.71
StatTrak™ Dual Berettas | Flora Carnivora (Field-Tested), 0.8
Dual Berettas | Flora Carnivora (Battle-Scarred), 0.37
Dual Berettas | Flora Carnivora (Well-Worn), 0.36
StatTrak™ Dual Berettas | Flora Carnivora (Well-Worn), 0.72
StatTrak™ Dual Berettas | Flora Carnivora (Battle-Scarred), 0.69
StatTrak™ Dual Berettas | Flora Carnivora (Factory New), 4.55
StatTrak™ Glock-18 | Water Elemental (Factory New), 49.0
StatTrak™ Glock-18 | Water Elemental (Field-Tested), 16.41
Glock-18 | Water Elemental (Field-Tested), 4.31
Glock-18 | Water Elemental (Minimal Wear), 6.83
Glock-18 | Water Elemental (Factory New), 12.17
StatTrak™ Glock-18 | Water Elemental (Minimal Wear), 27.02
Glock-18 | Water Elemental (Well-Worn), 6.38
Glock-18 | Water Elemental (Battle-Scarred), 4.31
StatTrak™ Glock-18 | Water Elemental (Battle-Scarred), 17.1
StatTrak™ Glock-18 | Water Elemental (Well-Worn), 68.44
Dual Berettas | Colony (Field-Tested), 0.02
Dual Berettas | Colony (Battle-Scarred), 0.01
Dual Berettas | Colony (Minimal Wear), 0.02
Dual Berettas | Colony (Factory New), 0.14
Dual Berettas | Colony (Well-Worn), 0.02
Desert Eagle | Urban DDPAT (Minimal Wear), 2.63
Desert Eagle | Urban DDPAT (Field-Tested), 2.26
Desert Eagle | Urban DDPAT (Battle-Scarred), 2.19
Desert Eagle | Urban DDPAT (Well-Worn), 2.33
Desert Eagle | Urban DDPAT (Factory New), 12.07
Desert Eagle | Fennec Fox (Factory New), 348.24
Souvenir Desert Eagle | Fennec Fox (Minimal Wear), 228.06
Souvenir Desert Eagle | Fennec Fox (Battle-Scarred), 117.24
Souvenir Desert Eagle | Fennec Fox (Factory New), 378.97
Desert Eagle | Fennec Fox (Field-Tested), 268.17
Souvenir Desert Eagle | Fennec Fox (Field-Tested), 159.2
Desert Eagle | Fennec Fox (Minimal Wear), 302.17
Souvenir Desert Eagle | Fennec Fox (Well-Worn), 150.44
Desert Eagle | Fennec Fox (Battle-Scarred), 246.4
Desert Eagle | Fennec Fox (Well-Worn), 0
Dual Berettas | Hemoglobin (Minimal Wear), 8.06
Dual Berettas | Hemoglobin (Factory New), 9.02
StatTrak™ Dual Berettas | Hemoglobin (Factory New), 22.52
StatTrak™ Dual Berettas | Hemoglobin (Field-Tested), 17.15
StatTrak™ Dual Berettas | Hemoglobin (Minimal Wear), 19.59
Dual Berettas | Hemoglobin (Field-Tested), 8.77
Five-SeveN | Anodized Gunmetal (Minimal Wear), 10.16
Five-SeveN | Anodized Gunmetal (Factory New), 9.0
StatTrak™ Five-SeveN | Copper Galaxy (Factory New), 17.96
StatTrak™ Five-SeveN | Copper Galaxy (Minimal Wear), 13.67
StatTrak™ Five-SeveN | Copper Galaxy (Field-Tested), 13.91
Glock-18 | Fade (Factory New), 1348.28
Glock-18 | Fade (Minimal Wear), 1341.5
Dual Berettas | Royal Consorts (Factory New), 2.75
Dual Berettas | Royal Consorts (Minimal Wear), 0.98
Dual Berettas | Royal Consorts (Field-Tested), 0.42
Dual Berettas | Royal Consorts (Well-Worn), 0.36
Dual Berettas | Royal Consorts (Battle-Scarred), 0.3
Souvenir Dual Berettas | Contractor (Field-Tested), 8.89
Souvenir Dual Berettas | Contractor (Minimal Wear), 15.61
Souvenir Dual Berettas | Contractor (Battle-Scarred), 547.41
Souvenir Dual Berettas | Contractor (Factory New), 0
Souvenir Dual Berettas | Contractor (Well-Worn), 0
Dual Berettas | Marina (Minimal Wear), 6.64
Dual Berettas | Marina (Field-Tested), 7.26
StatTrak™ Dual Berettas | Marina (Minimal Wear), 12.87
StatTrak™ Dual Berettas | Marina (Field-Tested), 12.83
Dual Berettas | Marina (Factory New), 17.8
StatTrak™ Dual Berettas | Marina (Factory New), 42.85
Dual Berettas | Marina (Battle-Scarred), 6.68
StatTrak™ Dual Berettas | Marina (Battle-Scarred), 17.3
StatTrak™ Dual Berettas | Marina (Well-Worn), 0
Dual Berettas | Marina (Well-Worn), 0
Five-SeveN | Hyper Beast (Minimal Wear), 40.93
Five-SeveN | Hyper Beast (Battle-Scarred), 28.75
Five-SeveN | Hyper Beast (Field-Tested), 25.82
Five-SeveN | Hyper Beast (Factory New), 107.68
Five-SeveN | Hyper Beast (Well-Worn), 26.01
StatTrak™ Five-SeveN | Hyper Beast (Minimal Wear), 132.51
StatTrak™ Five-SeveN | Hyper Beast (Field-Tested), 92.14
StatTrak™ Five-SeveN | Hyper Beast (Factory New), 395.33
StatTrak™ Five-SeveN | Hyper Beast (Well-Worn), 92.13
StatTrak™ Five-SeveN | Hyper Beast (Battle-Scarred), 102.25
StatTrak™ Desert Eagle | Bronze Deco (Minimal Wear), 0.96
StatTrak™ Desert Eagle | Bronze Deco (Factory New), 1.56
StatTrak™ Desert Eagle | Bronze Deco (Well-Worn), 0.68
StatTrak™ Desert Eagle | Bronze Deco (Field-Tested), 0.51
StatTrak™ Desert Eagle | Bronze Deco (Battle-Scarred), 2.67
Five-SeveN | Triumvirate (Field-Tested), 2.41
StatTrak™ Five-SeveN | Triumvirate (Minimal Wear), 7.24
Five-SeveN | Triumvirate (Minimal Wear), 2.93
Five-SeveN | Triumvirate (Factory New), 3.68
StatTrak™ Five-SeveN | Triumvirate (Factory New), 9.36
StatTrak™ Five-SeveN | Triumvirate (Field-Tested), 4.92
Five-SeveN | Triumvirate (Battle-Scarred), 2.6
StatTrak™ Five-SeveN | Triumvirate (Well-Worn), 4.91
Five-SeveN | Triumvirate (Well-Worn), 2.37
StatTrak™ Five-SeveN | Triumvirate (Battle-Scarred), 4.49
Souvenir Dual Berettas | Briar (Factory New), 1.37
Souvenir Dual Berettas | Briar (Minimal Wear), 1.07
Souvenir Dual Berettas | Briar (Field-Tested), 1.2
Five-SeveN | Withered Vine (Factory New), 4.6
Five-SeveN | Withered Vine (Minimal Wear), 4.22
Souvenir Five-SeveN | Withered Vine (Minimal Wear), 0.08
Five-SeveN | Withered Vine (Field-Tested), 4.11
Souvenir Five-SeveN | Withered Vine (Battle-Scarred), 2.6
Souvenir Five-SeveN | Withered Vine (Factory New), 0.24
Souvenir Five-SeveN | Withered Vine (Field-Tested), 0.04
Souvenir Five-SeveN | Withered Vine (Well-Worn), 0.27
Five-SeveN | Withered Vine (Battle-Scarred), 4.22
Five-SeveN | Withered Vine (Well-Worn), 4.09
StatTrak™ Five-SeveN | Hybrid (Battle-Scarred), 1.7
StatTrak™ Five-SeveN | Hybrid (Field-Tested), 1.88
StatTrak™ Five-SeveN | Hybrid (Minimal Wear), 3.04
StatTrak™ Five-SeveN | Hybrid (Factory New), 5.75
StatTrak™ Five-SeveN | Hybrid (Well-Worn), 1.73
Glock-18 | Teal Graf (Factory New), 1.63
Glock-18 | Teal Graf (Minimal Wear), 1.36
Glock-18 | Teal Graf (Field-Tested), 0.88
Glock-18 | Teal Graf (Well-Worn), 0.86
Glock-18 | Teal Graf (Battle-Scarred), 0.85
StatTrak™ Desert Eagle | Crimson Web (Field-Tested), 17.08
Desert Eagle | Crimson Web (Minimal Wear), 30.12
Desert Eagle | Crimson Web (Field-Tested), 9.86
Desert Eagle | Crimson Web (Factory New), 113.62
Desert Eagle | Crimson Web (Battle-Scarred), 10.27
Desert Eagle | Crimson Web (Well-Worn), 10.36
StatTrak™ Desert Eagle | Crimson Web (Minimal Wear), 61.46
StatTrak™ Desert Eagle | Crimson Web (Factory New), 282.81
StatTrak™ Desert Eagle | Crimson Web (Battle-Scarred), 21.27
StatTrak™ Desert Eagle | Crimson Web (Well-Worn), 21.76
StatTrak™ Desert Eagle | Printstream (Factory New), 160.02
StatTrak™ Desert Eagle | Printstream (Minimal Wear), 90.89
StatTrak™ Desert Eagle | Printstream (Field-Tested), 55.71
StatTrak™ Desert Eagle | Printstream (Battle-Scarred), 52.57
StatTrak™ Desert Eagle | Printstream (Well-Worn), 59.27
Desert Eagle | Bronze Deco (Factory New), 0.33
Desert Eagle | Bronze Deco (Minimal Wear), 0.19
Desert Eagle | Bronze Deco (Field-Tested), 0.11
Desert Eagle | Bronze Deco (Well-Worn), 0.13
Desert Eagle | Bronze Deco (Battle-Scarred), 0.3
StatTrak™ Five-SeveN | Scumbria (Factory New), 1.58
StatTrak™ Five-SeveN | Scumbria (Battle-Scarred), 0.57
StatTrak™ Five-SeveN | Scumbria (Minimal Wear), 0.34
StatTrak™ Five-SeveN | Scumbria (Field-Tested), 0.14
StatTrak™ Five-SeveN | Scumbria (Well-Worn), 0.14
Dual Berettas | Moon in Libra (Factory New), 4.93
Dual Berettas | Moon in Libra (Field-Tested), 4.32
Dual Berettas | Moon in Libra (Minimal Wear), 5.03
Dual Berettas | Moon in Libra (Well-Worn), 4.31
Dual Berettas | Moon in Libra (Battle-Scarred), 6.84
Glock-18 | Candy Apple (Minimal Wear), 0.57
Glock-18 | Candy Apple (Factory New), 0.81
Glock-18 | Candy Apple (Field-Tested), 0.48
Souvenir Glock-18 | Candy Apple (Minimal Wear), 410.66
Souvenir Glock-18 | Candy Apple (Factory New), 1064.58
Souvenir Glock-18 | Candy Apple (Field-Tested), 437.97
Souvenir Five-SeveN | Forest Night (Minimal Wear), 1.36
Souvenir Five-SeveN | Forest Night (Battle-Scarred), 0.37
Souvenir Five-SeveN | Forest Night (Field-Tested), 0.44
Souvenir Five-SeveN | Forest Night (Well-Worn), 0.59
Souvenir Five-SeveN | Forest Night (Factory New), 11.07
StatTrak™ Desert Eagle | Corinthian (Minimal Wear), 2.58
StatTrak™ Desert Eagle | Corinthian (Field-Tested), 2.17
StatTrak™ Desert Eagle | Corinthian (Factory New), 3.38
StatTrak™ Desert Eagle | Corinthian (Well-Worn), 4.79
StatTrak™ Dual Berettas | Hydro Strike (Field-Tested), 1.91
StatTrak™ Dual Berettas | Hydro Strike (Minimal Wear), 4.22
StatTrak™ Dual Berettas | Hydro Strike (Battle-Scarred), 1.55
StatTrak™ Dual Berettas | Hydro Strike (Factory New), 7.27
StatTrak™ Dual Berettas | Hydro Strike (Well-Worn), 8.99
Five-SeveN | Urban Hazard (Minimal Wear), 1.37
StatTrak™ Five-SeveN | Urban Hazard (Factory New), 4.23
StatTrak™ Five-SeveN | Urban Hazard (Minimal Wear), 2.65
Five-SeveN | Urban Hazard (Field-Tested), 1.3
Five-SeveN | Urban Hazard (Factory New), 1.77
StatTrak™ Five-SeveN | Urban Hazard (Field-Tested), 2.33
StatTrak™ Desert Eagle | Oxide Blaze (Minimal Wear), 1.29
StatTrak™ Desert Eagle | Oxide Blaze (Factory New), 2.15
StatTrak™ Desert Eagle | Oxide Blaze (Field-Tested), 0.73
StatTrak™ Desert Eagle | Oxide Blaze (Well-Worn), 1.18
StatTrak™ Desert Eagle | Oxide Blaze (Battle-Scarred), 1.13
Desert Eagle | Heat Treated (Well-Worn), 0.84
Desert Eagle | Heat Treated (Field-Tested), 1.33
Desert Eagle | Heat Treated (Battle-Scarred), 0.8
Desert Eagle | Heat Treated (Minimal Wear), 2.73
Desert Eagle | Heat Treated (Factory New), 21.66
Desert Eagle | The Bronze (Field-Tested), 5.15
Desert Eagle | The Bronze (Factory New), 5.21
Desert Eagle | The Bronze (Minimal Wear), 5.19
Five-SeveN | Midnight Paintover (Field-Tested), 0.13
Five-SeveN | Midnight Paintover (Minimal Wear), 0.18
Five-SeveN | Midnight Paintover (Factory New), 0.25
Five-SeveN | Midnight Paintover (Well-Worn), 0.09
Five-SeveN | Midnight Paintover (Battle-Scarred), 0.08
Souvenir Dual Berettas | Stained (Minimal Wear), 52.77
Souvenir Dual Berettas | Stained (Field-Tested), 74.18
Souvenir Dual Berettas | Stained (Well-Worn), 99.93
Souvenir Dual Berettas | Stained (Factory New), 0
Souvenir Dual Berettas | Stained (Battle-Scarred), 0
StatTrak™ Five-SeveN | Nightshade (Factory New), 6.71
StatTrak™ Five-SeveN | Nightshade (Minimal Wear), 7.26
Five-SeveN | Nightshade (Field-Tested), 1.82
StatTrak™ Five-SeveN | Nightshade (Field-Tested), 6.26
Five-SeveN | Nightshade (Factory New), 2.48
Five-SeveN | Nightshade (Well-Worn), 6.84
Five-SeveN | Nightshade (Minimal Wear), 1.8
Five-SeveN | Nightshade (Battle-Scarred), 13.69
StatTrak™ Five-SeveN | Nightshade (Well-Worn), 11.36
StatTrak™ Five-SeveN | Nightshade (Battle-Scarred), 49.01
Desert Eagle | Trigger Discipline (Battle-Scarred), 0.37
Desert Eagle | Trigger Discipline (Minimal Wear), 1.33
Desert Eagle | Trigger Discipline (Factory New), 2.69
StatTrak™ Desert Eagle | Trigger Discipline (Factory New), 9.56
StatTrak™ Desert Eagle | Trigger Discipline (Field-Tested), 1.82
Desert Eagle | Trigger Discipline (Well-Worn), 0.39
Desert Eagle | Trigger Discipline (Field-Tested), 0.48
StatTrak™ Desert Eagle | Trigger Discipline (Minimal Wear), 4.35
StatTrak™ Desert Eagle | Trigger Discipline (Well-Worn), 1.63
StatTrak™ Desert Eagle | Trigger Discipline (Battle-Scarred), 1.74
Desert Eagle | Midnight Storm (Factory New), 30.05
Desert Eagle | Midnight Storm (Battle-Scarred), 28.52
Desert Eagle | Midnight Storm (Minimal Wear), 28.4
Desert Eagle | Midnight Storm (Field-Tested), 27.99
Desert Eagle | Midnight Storm (Well-Worn), 67.74
Souvenir Five-SeveN | Coolant (Minimal Wear), 0.2
Souvenir Five-SeveN | Coolant (Battle-Scarred), 0.21
Five-SeveN | Coolant (Field-Tested), 0.01
Five-SeveN | Coolant (Well-Worn), 0.01
Souvenir Five-SeveN | Coolant (Factory New), 0.38
Five-SeveN | Coolant (Factory New), 0.03
Five-SeveN | Coolant (Minimal Wear), 0.02
Souvenir Five-SeveN | Coolant (Field-Tested), 0.04
Five-SeveN | Coolant (Battle-Scarred), 0.01
Souvenir Five-SeveN | Coolant (Well-Worn), 0.27
Desert Eagle | Sunset Storm 壱 (Factory New), 314.84
Desert Eagle | Sunset Storm 壱 (Field-Tested), 265.56
Desert Eagle | Sunset Storm 壱 (Minimal Wear), 326.89
Desert Eagle | Sunset Storm 壱 (Battle-Scarred), 0
Desert Eagle | Sunset Storm 壱 (Well-Worn), 0
Desert Eagle | Conspiracy (Factory New), 8.76
Desert Eagle | Conspiracy (Minimal Wear), 6.67
Desert Eagle | Conspiracy (Field-Tested), 6.13
Five-SeveN | Neon Kimono (Field-Tested), 273.63
Five-SeveN | Neon Kimono (Factory New), 331.82
Five-SeveN | Neon Kimono (Minimal Wear), 296.44
Five-SeveN | Neon Kimono (Battle-Scarred), 273.78
Five-SeveN | Neon Kimono (Well-Worn), 0
Desert Eagle | Directive (Field-Tested), 0.41
StatTrak™ Desert Eagle | Directive (Field-Tested), 1.57
Desert Eagle | Directive (Battle-Scarred), 0.36
Desert Eagle | Directive (Well-Worn), 0.38
Desert Eagle | Directive (Minimal Wear), 1.31
Desert Eagle | Directive (Factory New), 9.58
Desert Eagle | Oxide Blaze (Factory New), 0.52
Desert Eagle | Oxide Blaze (Minimal Wear), 0.31
Desert Eagle | Oxide Blaze (Field-Tested), 0.25
Desert Eagle | Oxide Blaze (Well-Worn), 0.25
Desert Eagle | Oxide Blaze (Battle-Scarred), 0.25
StatTrak™ Desert Eagle | Cobalt Disruption (Minimal Wear), 108.96
StatTrak™ Desert Eagle | Cobalt Disruption (Factory New), 149.14
StatTrak™ Desert Eagle | Cobalt Disruption (Field-Tested), 125.66
Souvenir Five-SeveN | Silver Quartz (Field-Tested), 136.75
Souvenir Five-SeveN | Silver Quartz (Factory New), 232.57
Souvenir Five-SeveN | Silver Quartz (Minimal Wear), 130.04
Souvenir Five-SeveN | Silver Quartz (Well-Worn), 0
Five-SeveN | Nitro (Minimal Wear), 35.52
Five-SeveN | Nitro (Factory New), 39.34
Five-SeveN | Nitro (Field-Tested), 37.64
Five-SeveN | Nitro (Well-Worn), 65.71
Five-SeveN | Nitro (Battle-Scarred), 41.07
Five-SeveN | Retrobution (Minimal Wear), 1.7
Five-SeveN | Retrobution (Field-Tested), 0.93
StatTrak™ Five-SeveN | Retrobution (Minimal Wear), 3.82
Five-SeveN | Retrobution (Factory New), 3.0
StatTrak™ Five-SeveN | Retrobution (Field-Tested), 1.61
Five-SeveN | Retrobution (Well-Worn), 0.7
Five-SeveN | Retrobution (Battle-Scarred), 0.68
StatTrak™ Five-SeveN | Retrobution (Factory New), 7.1
StatTrak™ Five-SeveN | Retrobution (Battle-Scarred), 1.39
StatTrak™ Five-SeveN | Retrobution (Well-Worn), 1.36
Dual Berettas | Hydro Strike (Well-Worn), 1.08
Dual Berettas | Hydro Strike (Factory New), 5.15
Dual Berettas | Hydro Strike (Battle-Scarred), 0.91
Dual Berettas | Hydro Strike (Field-Tested), 1.15
Dual Berettas | Hydro Strike (Minimal Wear), 2.9
Five-SeveN | Scumbria (Well-Worn), 0.05
Five-SeveN | Scumbria (Minimal Wear), 0.1
Five-SeveN | Scumbria (Field-Tested), 0.09
Five-SeveN | Scumbria (Battle-Scarred), 0.05
Five-SeveN | Scumbria (Factory New), 0.37
Souvenir Glock-18 | Groundwater (Field-Tested), 4.38
Souvenir Glock-18 | Groundwater (Well-Worn), 4.11
Souvenir Glock-18 | Groundwater (Minimal Wear), 11.92
Souvenir Glock-18 | Groundwater (Battle-Scarred), 3.39
Souvenir Glock-18 | Groundwater (Factory New), 88.98
StatTrak™ Five-SeveN | Flame Test (Minimal Wear), 0.36
StatTrak™ Five-SeveN | Flame Test (Factory New), 0.93
Five-SeveN | Flame Test (Minimal Wear), 0.17
Five-SeveN | Flame Test (Field-Tested), 0.05
StatTrak™ Five-SeveN | Flame Test (Field-Tested), 0.14
Five-SeveN | Flame Test (Factory New), 0.27
StatTrak™ Five-SeveN | Flame Test (Well-Worn), 0.25
StatTrak™ Five-SeveN | Flame Test (Battle-Scarred), 0.11
Five-SeveN | Flame Test (Battle-Scarred), 0.05
Five-SeveN | Flame Test (Well-Worn), 0.06
Dual Berettas | Contractor (Field-Tested), 0.01
Dual Berettas | Contractor (Battle-Scarred), 0.01
Dual Berettas | Contractor (Minimal Wear), 0.01
Dual Berettas | Contractor (Well-Worn), 0.01
Dual Berettas | Contractor (Factory New), 0.09
Dual Berettas | Retribution (Minimal Wear), 6.82
Dual Berettas | Retribution (Field-Tested), 25.94
Dual Berettas | Retribution (Factory New), 6.56
Dual Berettas | Retribution (Well-Worn), 0
StatTrak™ Five-SeveN | Buddy (Field-Tested), 1.3
StatTrak™ Five-SeveN | Buddy (Factory New), 4.38
StatTrak™ Five-SeveN | Buddy (Minimal Wear), 2.44
StatTrak™ Five-SeveN | Buddy (Well-Worn), 10.25
StatTrak™ Five-SeveN | Buddy (Battle-Scarred), 1.01
StatTrak™ Five-SeveN | Capillary (Minimal Wear), 0.68
StatTrak™ Five-SeveN | Capillary (Field-Tested), 0.39
StatTrak™ Five-SeveN | Capillary (Factory New), 1.35
StatTrak™ Five-SeveN | Capillary (Battle-Scarred), 0.33
StatTrak™ Five-SeveN | Capillary (Well-Worn), 0.42
StatTrak™ Desert Eagle | Hypnotic (Factory New), 132.78
StatTrak™ Desert Eagle | Hypnotic (Minimal Wear), 273.78
Souvenir Desert Eagle | Urban Rubble (Factory New), 14.1
Souvenir Desert Eagle | Urban Rubble (Field-Tested), 6.01
Souvenir Desert Eagle | Urban Rubble (Minimal Wear), 7.58
Souvenir Desert Eagle | Urban Rubble (Battle-Scarred), 9.95
Souvenir Desert Eagle | Urban Rubble (Well-Worn), 8.9
Desert Eagle | Tilted (Factory New), 2.85
Desert Eagle | Tilted (Minimal Wear), 1.08
Desert Eagle | Tilted (Field-Tested), 0.31
Desert Eagle | Tilted (Battle-Scarred), 0.15
Desert Eagle | Tilted (Well-Worn), 0.58
StatTrak™ Dual Berettas | Black Limba (Field-Tested), 6.44
StatTrak™ Dual Berettas | Black Limba (Minimal Wear), 6.84
StatTrak™ Dual Berettas | Black Limba (Battle-Scarred), 8.6
StatTrak™ Dual Berettas | Black Limba (Well-Worn), 10.94
StatTrak™ Dual Berettas | Black Limba (Factory New), 64.58
Dual Berettas | Heist (Field-Tested), 0.47
Dual Berettas | Heist (Factory New), 0.6
Dual Berettas | Heist (Minimal Wear), 0.52
Dual Berettas | Heist (Well-Worn), 2.62
Dual Berettas | Heist (Battle-Scarred), 0.48
Glock-18 | Gold Toof (Factory New), 75.63
Glock-18 | Gold Toof (Minimal Wear), 33.26
StatTrak™ Glock-18 | Gold Toof (Field-Tested), 43.72
Glock-18 | Gold Toof (Field-Tested), 14.24
Glock-18 | Gold Toof (Well-Worn), 14.63
StatTrak™ Glock-18 | Gold Toof (Factory New), 168.37
Glock-18 | Gold Toof (Battle-Scarred), 13.76
StatTrak™ Glock-18 | Gold Toof (Minimal Wear), 88.22
StatTrak™ Glock-18 | Gold Toof (Battle-Scarred), 53.22
StatTrak™ Glock-18 | Gold Toof (Well-Worn), 0
Dual Berettas | Dezastre (Factory New), 6.61
Dual Berettas | Dezastre (Minimal Wear), 4.34
Dual Berettas | Dezastre (Field-Tested), 3.97
Dual Berettas | Dezastre (Well-Worn), 3.14
Dual Berettas | Dezastre (Battle-Scarred), 3.08
Souvenir Glock-18 | Pink DDPAT (Field-Tested), 2.42
Souvenir Glock-18 | Pink DDPAT (Well-Worn), 2.07
Souvenir Glock-18 | Pink DDPAT (Battle-Scarred), 2.05
Souvenir Glock-18 | Pink DDPAT (Minimal Wear), 7.71
Souvenir Glock-18 | Pink DDPAT (Factory New), 52.7
Desert Eagle | Night (Field-Tested), 12.61
Desert Eagle | Night (Minimal Wear), 15.3
Desert Eagle | Night (Battle-Scarred), 12.5
Desert Eagle | Night (Factory New), 66.05
Desert Eagle | Night (Well-Worn), 15.73
Glock-18 | Death Rattle (Well-Worn), 0.09
Glock-18 | Death Rattle (Field-Tested), 0.09
Glock-18 | Death Rattle (Battle-Scarred), 0.09
Glock-18 | Death Rattle (Minimal Wear), 0.12
StatTrak™ Glock-18 | Steel Disruption (Factory New), 11.42
Glock-18 | Steel Disruption (Factory New), 3.4
Glock-18 | Steel Disruption (Field-Tested), 3.65
StatTrak™ Glock-18 | Steel Disruption (Minimal Wear), 9.77
Glock-18 | Steel Disruption (Minimal Wear), 3.34
StatTrak™ Glock-18 | Steel Disruption (Field-Tested), 10.67
Dual Berettas | Balance (Field-Tested), 1.06
Dual Berettas | Balance (Well-Worn), 0.72
Dual Berettas | Balance (Minimal Wear), 1.46
StatTrak™ Dual Berettas | Balance (Factory New), 10.13
StatTrak™ Dual Berettas | Balance (Field-Tested), 1.07
StatTrak™ Dual Berettas | Balance (Minimal Wear), 2.44
StatTrak™ Dual Berettas | Balance (Battle-Scarred), 1.27
Dual Berettas | Balance (Battle-Scarred), 0.74
StatTrak™ Dual Berettas | Balance (Well-Worn), 0.95
Dual Berettas | Balance (Factory New), 3.42
Five-SeveN | Candy Apple (Minimal Wear), 75.97
Five-SeveN | Candy Apple (Field-Tested), 76.66
Five-SeveN | Candy Apple (Factory New), 86.09
Souvenir Five-SeveN | Fall Hazard (Battle-Scarred), 38.67
Souvenir Five-SeveN | Fall Hazard (Factory New), 116.35
Souvenir Five-SeveN | Fall Hazard (Minimal Wear), 71.11
Souvenir Five-SeveN | Fall Hazard (Field-Tested), 43.12
Souvenir Five-SeveN | Fall Hazard (Well-Worn), 60.71
Dual Berettas | Shred (Minimal Wear), 0.28
Dual Berettas | Shred (Field-Tested), 0.23
Dual Berettas | Shred (Factory New), 0.51
Dual Berettas | Shred (Well-Worn), 0.18
Dual Berettas | Shred (Battle-Scarred), 0.2
Souvenir Five-SeveN | Hot Shot (Field-Tested), 3.1
Five-SeveN | Hot Shot (Minimal Wear), 4.9
Souvenir Five-SeveN | Hot Shot (Minimal Wear), 6.72
Souvenir Five-SeveN | Hot Shot (Factory New), 26.42
Five-SeveN | Hot Shot (Factory New), 15.02
Souvenir Five-SeveN | Hot Shot (Well-Worn), 1.77
Five-SeveN | Hot Shot (Field-Tested), 2.59
Five-SeveN | Hot Shot (Well-Worn), 1.9
Five-SeveN | Hot Shot (Battle-Scarred), 2.44
Souvenir Five-SeveN | Hot Shot (Battle-Scarred), 1.22
Five-SeveN | Fairy Tale (Minimal Wear), 38.53
Five-SeveN | Fairy Tale (Battle-Scarred), 18.49
Five-SeveN | Fairy Tale (Well-Worn), 22.58
Five-SeveN | Fairy Tale (Field-Tested), 25.19
Five-SeveN | Fairy Tale (Factory New), 68.44
StatTrak™ Five-SeveN | Fairy Tale (Minimal Wear), 56.94
StatTrak™ Five-SeveN | Fairy Tale (Well-Worn), 29.79
StatTrak™ Five-SeveN | Fairy Tale (Field-Tested), 35.25
StatTrak™ Five-SeveN | Fairy Tale (Factory New), 136.81
StatTrak™ Five-SeveN | Fairy Tale (Battle-Scarred), 28.6
StatTrak™ Five-SeveN | Violent Daimyo (Field-Tested), 0.73
StatTrak™ Five-SeveN | Violent Daimyo (Minimal Wear), 1.22
StatTrak™ Five-SeveN | Violent Daimyo (Factory New), 2.57
StatTrak™ Five-SeveN | Violent Daimyo (Battle-Scarred), 0.54
StatTrak™ Five-SeveN | Violent Daimyo (Well-Worn), 1.08
Five-SeveN | Capillary (Minimal Wear), 0.29
Five-SeveN | Capillary (Factory New), 0.48
Five-SeveN | Capillary (Field-Tested), 0.22
Five-SeveN | Capillary (Well-Worn), 0.25
Five-SeveN | Capillary (Battle-Scarred), 0.2
StatTrak™ Dual Berettas | Cartel (Factory New), 5.48
StatTrak™ Dual Berettas | Cartel (Battle-Scarred), 0.54
StatTrak™ Dual Berettas | Cartel (Minimal Wear), 1.46
StatTrak™ Dual Berettas | Cartel (Well-Worn), 0.65
StatTrak™ Dual Berettas | Cartel (Field-Tested), 0.96
Desert Eagle | Blaze (Factory New), 574.93
Desert Eagle | Blaze (Minimal Wear), 574.93
StatTrak™ Dual Berettas | Ventilators (Factory New), 1.06
StatTrak™ Dual Berettas | Ventilators (Field-Tested), 0.2
StatTrak™ Dual Berettas | Ventilators (Minimal Wear), 0.43
StatTrak™ Dual Berettas | Ventilators (Well-Worn), 0.25
Five-SeveN | Forest Night (Field-Tested), 0.01
Five-SeveN | Forest Night (Minimal Wear), 0.02
Five-SeveN | Forest Night (Well-Worn), 0.02
Five-SeveN | Forest Night (Factory New), 0.14
Five-SeveN | Forest Night (Battle-Scarred), 0.01
Five-SeveN | Fall Hazard (Field-Tested), 183.43
Five-SeveN | Fall Hazard (Minimal Wear), 198.76
Five-SeveN | Fall Hazard (Factory New), 239.55
Five-SeveN | Fall Hazard (Well-Worn), 164.27
Five-SeveN | Fall Hazard (Battle-Scarred), 0
StatTrak™ Dual Berettas | Panther (Well-Worn), 25.86
StatTrak™ Dual Berettas | Panther (Factory New), 6.0
StatTrak™ Dual Berettas | Panther (Minimal Wear), 3.93
StatTrak™ Dual Berettas | Panther (Field-Tested), 2.6
StatTrak™ Dual Berettas | Panther (Battle-Scarred), 6.43
StatTrak™ Dual Berettas | Hideout (Field-Tested), 0.22
Dual Berettas | Hideout (Minimal Wear), 0.17
Dual Berettas | Hideout (Field-Tested), 0.1
Dual Berettas | Hideout (Battle-Scarred), 0.08
StatTrak™ Dual Berettas | Hideout (Battle-Scarred), 0.18
StatTrak™ Dual Berettas | Hideout (Minimal Wear), 0.42
StatTrak™ Dual Berettas | Hideout (Factory New), 0.79
Dual Berettas | Hideout (Factory New), 0.29
Dual Berettas | Hideout (Well-Worn), 0.11
StatTrak™ Dual Berettas | Hideout (Well-Worn), 0.21
StatTrak™ Five-SeveN | Angry Mob (Field-Tested), 9.21
StatTrak™ Five-SeveN | Angry Mob (Well-Worn), 27.37
StatTrak™ Five-SeveN | Angry Mob (Minimal Wear), 15.4
StatTrak™ Five-SeveN | Angry Mob (Factory New), 33.69
StatTrak™ Five-SeveN | Angry Mob (Battle-Scarred), 13.32
StatTrak™ Dual Berettas | Urban Shock (Field-Tested), 4.06
StatTrak™ Dual Berettas | Urban Shock (Factory New), 8.9
StatTrak™ Dual Berettas | Urban Shock (Minimal Wear), 5.64
StatTrak™ Dual Berettas | Urban Shock (Well-Worn), 3.56
StatTrak™ Dual Berettas | Urban Shock (Battle-Scarred), 3.21
Desert Eagle | Meteorite (Minimal Wear), 0.8
Desert Eagle | Meteorite (Factory New), 1.12
Desert Eagle | Meteorite (Field-Tested), 0.81
StatTrak™ Five-SeveN | Boost Protocol (Minimal Wear), 6.02
StatTrak™ Five-SeveN | Boost Protocol (Field-Tested), 3.53
StatTrak™ Five-SeveN | Boost Protocol (Factory New), 11.17
StatTrak™ Five-SeveN | Boost Protocol (Well-Worn), 3.15
Desert Eagle | Sunset Storm 弐 (Factory New), 332.57
Desert Eagle | Sunset Storm 弐 (Minimal Wear), 319.4
Desert Eagle | Sunset Storm 弐 (Field-Tested), 287.46
Desert Eagle | Sunset Storm 弐 (Battle-Scarred), 253.24
Desert Eagle | Sunset Storm 弐 (Well-Worn), 342.22
Dual Berettas | Emerald (Factory New), 29.7
Dual Berettas | Emerald (Minimal Wear), 68.44
Five-SeveN | Copper Galaxy (Factory New), 6.3
Five-SeveN | Copper Galaxy (Minimal Wear), 5.48
Five-SeveN | Copper Galaxy (Field-Tested), 5.26
Dual Berettas | Briar (Factory New), 5.83
Dual Berettas | Briar (Minimal Wear), 4.67
Dual Berettas | Briar (Field-Tested), 3.93
StatTrak™ Glock-18 | Blue Fissure (Minimal Wear), 9.84
StatTrak™ Glock-18 | Blue Fissure (Field-Tested), 4.2
StatTrak™ Glock-18 | Blue Fissure (Factory New), 75.22
StatTrak™ Glock-18 | Blue Fissure (Battle-Scarred), 3.2
StatTrak™ Glock-18 | Blue Fissure (Well-Worn), 4.51
Dual Berettas | Cobra Strike (Minimal Wear), 35.73
Dual Berettas | Cobra Strike (Factory New), 47.27
Dual Berettas | Cobra Strike (Field-Tested), 34.24
StatTrak™ Dual Berettas | Cobra Strike (Minimal Wear), 72.48
StatTrak™ Dual Berettas | Cobra Strike (Field-Tested), 59.03
Dual Berettas | Cobra Strike (Well-Worn), 35.44
StatTrak™ Dual Berettas | Cobra Strike (Factory New), 99.57
Dual Berettas | Cobra Strike (Battle-Scarred), 33.26
StatTrak™ Dual Berettas | Cobra Strike (Battle-Scarred), 68.44
StatTrak™ Dual Berettas | Cobra Strike (Well-Worn), 0
StatTrak™ Desert Eagle | Heirloom (Minimal Wear), 19.37
StatTrak™ Desert Eagle | Heirloom (Field-Tested), 9.49
StatTrak™ Desert Eagle | Heirloom (Factory New), 45.04
StatTrak™ Desert Eagle | Heirloom (Well-Worn), 15.06
StatTrak™ Desert Eagle | Heirloom (Battle-Scarred), 9.42
Desert Eagle | Urban Rubble (Factory New), 0.8
Desert Eagle | Urban Rubble (Field-Tested), 0.36
Desert Eagle | Urban Rubble (Well-Worn), 0.41
Desert Eagle | Urban Rubble (Minimal Wear), 0.57
Desert Eagle | Urban Rubble (Battle-Scarred), 0.37
Dual Berettas | Pyre (Field-Tested), 30.38
Dual Berettas | Pyre (Battle-Scarred), 30.11
Dual Berettas | Pyre (Minimal Wear), 31.52
Dual Berettas | Pyre (Factory New), 33.53
Dual Berettas | Pyre (Well-Worn), 30.8
Dual Berettas | Tread (Field-Tested), 0.61
Dual Berettas | Tread (Battle-Scarred), 0.67
StatTrak™ Dual Berettas | Tread (Field-Tested), 1.5
Dual Berettas | Tread (Minimal Wear), 1.29
StatTrak™ Dual Berettas | Tread (Battle-Scarred), 0.71
StatTrak™ Dual Berettas | Tread (Minimal Wear), 2.96
Dual Berettas | Tread (Well-Worn), 0.65
Dual Berettas | Tread (Factory New), 1.98
StatTrak™ Dual Berettas | Tread (Well-Worn), 0.77
StatTrak™ Dual Berettas | Tread (Factory New), 4.49
StatTrak™ Glock-18 | Dragon Tattoo (Minimal Wear), 307.69
StatTrak™ Glock-18 | Dragon Tattoo (Factory New), 461.11
Five-SeveN | Kami (Minimal Wear), 1.54
StatTrak™ Five-SeveN | Kami (Minimal Wear), 2.27
StatTrak™ Five-SeveN | Kami (Field-Tested), 1.7
Five-SeveN | Kami (Factory New), 2.31
StatTrak™ Five-SeveN | Kami (Factory New), 4.08
Five-SeveN | Kami (Field-Tested), 1.34
Five-SeveN | Silver Quartz (Factory New), 0.83
Five-SeveN | Silver Quartz (Field-Tested), 0.37
Five-SeveN | Silver Quartz (Minimal Wear), 0.56
Five-SeveN | Silver Quartz (Well-Worn), 2.0
Five-SeveN | Fowl Play (Minimal Wear), 3.69
Five-SeveN | Fowl Play (Battle-Scarred), 1.78
Five-SeveN | Fowl Play (Factory New), 7.81
Five-SeveN | Fowl Play (Field-Tested), 2.15
Five-SeveN | Fowl Play (Well-Worn), 1.87
StatTrak™ Five-SeveN | Fowl Play (Battle-Scarred), 4.52
StatTrak™ Five-SeveN | Fowl Play (Field-Tested), 5.34
StatTrak™ Five-SeveN | Fowl Play (Well-Worn), 5.31
StatTrak™ Five-SeveN | Fowl Play (Minimal Wear), 8.98
StatTrak™ Five-SeveN | Fowl Play (Factory New), 25.46
Souvenir Five-SeveN | Orange Peel (Well-Worn), 1.64
Souvenir Five-SeveN | Orange Peel (Minimal Wear), 1.92
Souvenir Five-SeveN | Orange Peel (Field-Tested), 1.3
Souvenir Five-SeveN | Orange Peel (Battle-Scarred), 2.05
Souvenir Five-SeveN | Orange Peel (Factory New), 46.95
Souvenir Dual Berettas | Cobalt Quartz (Factory New), 2053.32
Souvenir Dual Berettas | Cobalt Quartz (Field-Tested), 2053.32
Souvenir Dual Berettas | Cobalt Quartz (Minimal Wear), 0
Souvenir Dual Berettas | Cobalt Quartz (Well-Worn), 0
Desert Eagle | Printstream (Minimal Wear), 45.04
Desert Eagle | Printstream (Field-Tested), 30.87
Desert Eagle | Printstream (Factory New), 95.41
Desert Eagle | Printstream (Well-Worn), 29.77
Desert Eagle | Printstream (Battle-Scarred), 26.27
Five-SeveN | Contractor (Field-Tested), 2.58
Five-SeveN | Contractor (Battle-Scarred), 7.52
Five-SeveN | Contractor (Well-Worn), 13.62
Five-SeveN | Contractor (Minimal Wear), 4.01
Five-SeveN | Contractor (Factory New), 23.0
Desert Eagle | Heirloom (Factory New), 13.55
Desert Eagle | Heirloom (Field-Tested), 3.85
Desert Eagle | Heirloom (Minimal Wear), 5.89
Desert Eagle | Heirloom (Battle-Scarred), 4.23
Desert Eagle | Heirloom (Well-Worn), 5.05
Glock-18 | Dragon Tattoo (Minimal Wear), 91.07
Glock-18 | Dragon Tattoo (Factory New), 92.17
Glock-18 | Groundwater (Well-Worn), 15.74
Glock-18 | Groundwater (Minimal Wear), 19.16
Glock-18 | Groundwater (Field-Tested), 18.48
Glock-18 | Groundwater (Factory New), 68.44
Glock-18 | Groundwater (Battle-Scarred), 16.19
Five-SeveN | Hybrid (Well-Worn), 0.8
Five-SeveN | Hybrid (Battle-Scarred), 0.79
Five-SeveN | Hybrid (Minimal Wear), 1.43
Five-SeveN | Hybrid (Field-Tested), 0.88
Five-SeveN | Hybrid (Factory New), 2.43
Five-SeveN | Orange Peel (Minimal Wear), 0.12
Five-SeveN | Orange Peel (Field-Tested), 0.06
Five-SeveN | Orange Peel (Factory New), 0.24
Five-SeveN | Orange Peel (Battle-Scarred), 0.06
Five-SeveN | Orange Peel (Well-Worn), 0.07
Dual Berettas | Twin Turbo (Field-Tested), 1.66
Dual Berettas | Twin Turbo (Minimal Wear), 2.83
Dual Berettas | Twin Turbo (Battle-Scarred), 0.96
Dual Berettas | Twin Turbo (Well-Worn), 1.09
Dual Berettas | Twin Turbo (Factory New), 4.89
Souvenir Dual Berettas | Twin Turbo (Minimal Wear), 31.62
Souvenir Dual Berettas | Twin Turbo (Battle-Scarred), 19.78
Souvenir Dual Berettas | Twin Turbo (Well-Worn), 16.04
Souvenir Dual Berettas | Twin Turbo (Field-Tested), 16.22
Souvenir Dual Berettas | Twin Turbo (Factory New), 219.02
Desert Eagle | Emerald Jörmungandr (Factory New), 359.33
Desert Eagle | Emerald Jörmungandr (Minimal Wear), 342.21
Desert Eagle | Emerald Jörmungandr (Field-Tested), 328.39
Desert Eagle | Emerald Jörmungandr (Battle-Scarred), 0
Desert Eagle | Emerald Jörmungandr (Well-Worn), 0
Desert Eagle | Light Rail (Field-Tested), 0.55
Desert Eagle | Light Rail (Minimal Wear), 1.28
Desert Eagle | Light Rail (Battle-Scarred), 0.59
Desert Eagle | Light Rail (Factory New), 3.29
Desert Eagle | Light Rail (Well-Worn), 0.61
Glock-18 | Brass (Minimal Wear), 30.98
Glock-18 | Brass (Field-Tested), 16.77
Glock-18 | Brass (Battle-Scarred), 21.9
Glock-18 | Brass (Factory New), 65.02
Glock-18 | Brass (Well-Worn), 16.4
Glock-18 | Blue Fissure (Field-Tested), 1.76
Glock-18 | Blue Fissure (Minimal Wear), 2.68
Glock-18 | Blue Fissure (Battle-Scarred), 1.89
Glock-18 | Blue Fissure (Factory New), 15.87
Glock-18 | Blue Fissure (Well-Worn), 1.91
Dual Berettas | Ventilators (Minimal Wear), 0.11
Dual Berettas | Ventilators (Field-Tested), 0.09
Dual Berettas | Ventilators (Factory New), 0.26
Dual Berettas | Ventilators (Well-Worn), 0.08
StatTrak™ Dual Berettas | Dualing Dragons (Field-Tested), 0.76
StatTrak™ Dual Berettas | Dualing Dragons (Battle-Scarred), 0.54
StatTrak™ Dual Berettas | Dualing Dragons (Minimal Wear), 1.2
StatTrak™ Dual Berettas | Dualing Dragons (Well-Worn), 0.51
StatTrak™ Dual Berettas | Dualing Dragons (Factory New), 5.68
Five-SeveN | Violent Daimyo (Field-Tested), 0.19
Five-SeveN | Violent Daimyo (Factory New), 0.76
Five-SeveN | Violent Daimyo (Minimal Wear), 0.36
Five-SeveN | Violent Daimyo (Well-Worn), 0.29
Five-SeveN | Violent Daimyo (Battle-Scarred), 0.14
Desert Eagle | Code Red (Minimal Wear), 30.05
Desert Eagle | Code Red (Well-Worn), 17.77
StatTrak™ Desert Eagle | Code Red (Factory New), 147.77
Desert Eagle | Code Red (Field-Tested), 18.53
StatTrak™ Desert Eagle | Code Red (Minimal Wear), 82.13
Desert Eagle | Code Red (Factory New), 73.92
StatTrak™ Desert Eagle | Code Red (Field-Tested), 47.22
Desert Eagle | Code Red (Battle-Scarred), 18.21
StatTrak™ Desert Eagle | Code Red (Well-Worn), 46.54
StatTrak™ Desert Eagle | Code Red (Battle-Scarred), 54.48
Souvenir Desert Eagle | Hand Cannon (Field-Tested), 204.51
Souvenir Desert Eagle | Hand Cannon (Minimal Wear), 266.86
Souvenir Desert Eagle | Hand Cannon (Well-Worn), 1064.58
Souvenir Desert Eagle | Hand Cannon (Battle-Scarred), 183.43
Souvenir Desert Eagle | Hand Cannon (Factory New), 602.03
Five-SeveN | Monkey Business (Field-Tested), 2.57
Five-SeveN | Monkey Business (Well-Worn), 2.31
Five-SeveN | Monkey Business (Minimal Wear), 11.19
Five-SeveN | Monkey Business (Battle-Scarred), 2.31
Five-SeveN | Boost Protocol (Minimal Wear), 2.74
Five-SeveN | Boost Protocol (Factory New), 3.86
Five-SeveN | Boost Protocol (Field-Tested), 1.82
Five-SeveN | Boost Protocol (Well-Worn), 2.19
Dual Berettas | Dualing Dragons (Field-Tested), 0.31
Dual Berettas | Dualing Dragons (Well-Worn), 0.2
Dual Berettas | Dualing Dragons (Minimal Wear), 0.45
Dual Berettas | Dualing Dragons (Battle-Scarred), 0.18
Dual Berettas | Dualing Dragons (Factory New), 1.56
Dual Berettas | Cartel (Battle-Scarred), 0.36
Dual Berettas | Cartel (Factory New), 1.78
Dual Berettas | Cartel (Minimal Wear), 0.61
Dual Berettas | Cartel (Well-Worn), 0.34
Dual Berettas | Cartel (Field-Tested), 0.51
Glock-18 | Pink DDPAT (Minimal Wear), 57.35
Glock-18 | Pink DDPAT (Factory New), 69.61
Glock-18 | Pink DDPAT (Field-Tested), 56.12
Glock-18 | Pink DDPAT (Well-Worn), 55.49
Glock-18 | Pink DDPAT (Battle-Scarred), 63.58
StatTrak™ Desert Eagle | Golden Koi (Factory New), 258.44
StatTrak™ Desert Eagle | Golden Koi (Minimal Wear), 180.08
Desert Eagle | Mecha Industries (Minimal Wear), 5.82
StatTrak™ Desert Eagle | Mecha Industries (Field-Tested), 9.58
Desert Eagle | Mecha Industries (Field-Tested), 4.31
StatTrak™ Desert Eagle | Mecha Industries (Factory New), 21.01
Desert Eagle | Mecha Industries (Factory New), 8.69
Desert Eagle | Mecha Industries (Well-Worn), 4.64
StatTrak™ Desert Eagle | Mecha Industries (Minimal Wear), 13.2
Desert Eagle | Mecha Industries (Battle-Scarred), 4.38
StatTrak™ Desert Eagle | Mecha Industries (Battle-Scarred), 10.72
StatTrak™ Desert Eagle | Mecha Industries (Well-Worn), 11.64
Glock-18 | Night (Battle-Scarred), 2.44
Glock-18 | Night (Minimal Wear), 3.19
Souvenir Glock-18 | Night (Minimal Wear), 1.65
Souvenir Glock-18 | Night (Field-Tested), 0.44
Glock-18 | Night (Field-Tested), 2.41
Souvenir Glock-18 | Night (Battle-Scarred), 0.36
Souvenir Glock-18 | Night (Well-Worn), 0.44
Glock-18 | Night (Well-Worn), 3.0
Glock-18 | Night (Factory New), 40.04
Souvenir Glock-18 | Night (Factory New), 23.25
Dual Berettas | Oil Change (Factory New), 0.94
Dual Berettas | Oil Change (Field-Tested), 0.8
Dual Berettas | Oil Change (Minimal Wear), 0.78
Dual Berettas | Oil Change (Battle-Scarred), 5.27
Dual Berettas | Oil Change (Well-Worn), 3.83
Dual Berettas | Cobalt Quartz (Minimal Wear), 0.13
Dual Berettas | Cobalt Quartz (Factory New), 0.23
Dual Berettas | Cobalt Quartz (Field-Tested), 0.12
Dual Berettas | Cobalt Quartz (Well-Worn), 0.26
Five-SeveN | Heat Treated (Factory New), 9.31
Five-SeveN | Heat Treated (Minimal Wear), 6.7
Five-SeveN | Heat Treated (Well-Worn), 4.72
Five-SeveN | Heat Treated (Field-Tested), 4.77
Five-SeveN | Heat Treated (Battle-Scarred), 4.57
Desert Eagle | Hand Cannon (Minimal Wear), 422.83
Desert Eagle | Hand Cannon (Factory New), 429.91
Desert Eagle | Hand Cannon (Field-Tested), 684.37
Desert Eagle | Hand Cannon (Battle-Scarred), 1231.99
Desert Eagle | Hand Cannon (Well-Worn), 0
Dual Berettas | Stained (Minimal Wear), 0.09
Dual Berettas | Stained (Well-Worn), 0.06
Dual Berettas | Stained (Factory New), 0.15
Dual Berettas | Stained (Field-Tested), 0.07
Dual Berettas | Stained (Battle-Scarred), 0.07
Desert Eagle | Hypnotic (Factory New), 84.32
Desert Eagle | Hypnotic (Minimal Wear), 91.41
Five-SeveN | Angry Mob (Field-Tested), 2.78
Five-SeveN | Angry Mob (Minimal Wear), 5.64
Five-SeveN | Angry Mob (Factory New), 11.96
Five-SeveN | Angry Mob (Battle-Scarred), 2.93
Five-SeveN | Angry Mob (Well-Worn), 3.5
Five-SeveN | Crimson Blossom (Minimal Wear), 132.69
Five-SeveN | Crimson Blossom (Factory New), 136.22
Five-SeveN | Crimson Blossom (Field-Tested), 131.41
Five-SeveN | Crimson Blossom (Battle-Scarred), 136.89
Five-SeveN | Crimson Blossom (Well-Worn), 0
Desert Eagle | Golden Koi (Factory New), 121.28
Desert Eagle | Golden Koi (Minimal Wear), 112.25
Desert Eagle | Cobalt Disruption (Factory New), 73.37
Desert Eagle | Cobalt Disruption (Minimal Wear), 63.24
Desert Eagle | Cobalt Disruption (Field-Tested), 67.62
Dual Berettas | Panther (Field-Tested), 1.64
Dual Berettas | Panther (Factory New), 2.27
Dual Berettas | Panther (Minimal Wear), 1.82
Dual Berettas | Panther (Battle-Scarred), 2.31
Dual Berettas | Panther (Well-Worn), 6.01
Dual Berettas | Switch Board (Well-Worn), 5.06
Dual Berettas | Switch Board (Battle-Scarred), 5.12
Dual Berettas | Switch Board (Field-Tested), 5.06
Dual Berettas | Switch Board (Factory New), 5.3
Dual Berettas | Switch Board (Minimal Wear), 5.18
Five-SeveN | Jungle (Battle-Scarred), 4.09
Five-SeveN | Jungle (Field-Tested), 1.63
Five-SeveN | Jungle (Well-Worn), 1.64
Five-SeveN | Jungle (Minimal Wear), 6.16
Five-SeveN | Jungle (Factory New), 27.51
Five-SeveN | Buddy (Factory New), 1.69
Five-SeveN | Buddy (Well-Worn), 0.78
Five-SeveN | Buddy (Minimal Wear), 1.06
Five-SeveN | Buddy (Field-Tested), 0.59
Five-SeveN | Buddy (Battle-Scarred), 0.55
Dual Berettas | Black Limba (Field-Tested), 7.74
Dual Berettas | Black Limba (Battle-Scarred), 7.84
Dual Berettas | Black Limba (Factory New), 13.8
Dual Berettas | Black Limba (Minimal Wear), 8.13
Dual Berettas | Black Limba (Well-Worn), 7.67
Dual Berettas | Urban Shock (Field-Tested), 1.37
Dual Berettas | Urban Shock (Factory New), 3.0
Dual Berettas | Urban Shock (Minimal Wear), 2.17
Dual Berettas | Urban Shock (Battle-Scarred), 6.11
Dual Berettas | Urban Shock (Well-Worn), 1.64
Desert Eagle | Corinthian (Factory New), 0.55
Desert Eagle | Corinthian (Field-Tested), 0.23
Desert Eagle | Corinthian (Minimal Wear), 0.31
Desert Eagle | Corinthian (Well-Worn), 0.52
