Item, Buff_Price
Souvenir M4A1-S | VariCamo (Minimal Wear), 20.36
Souvenir AK-47 | Steel Delta (Field-Tested), 4.02
M4A1-S | Hyper Beast (Battle-Scarred), 15.09
StatTrak™ AK-47 | Neon Revolution (Minimal Wear), 73.55
AWP | Corticera (Factory New), 43.02
AK-47 | Jet Set (Battle-Scarred), 288.15
M4A1-S | Guardian (Minimal Wear), 19.48
M4A1-S | Dark Water (Minimal Wear), 78.21
AK-47 | Orbit Mk01 (Well-Worn), 18.25
M4A1-S | Chantico's Fire (Minimal Wear), 66.81
AWP | Worm God (Well-Worn), 1.62
StatTrak™ AWP | Fever Dream (Well-Worn), 18.39
StatTrak™ AK-47 | Inheritance (Battle-Scarred), 106.26
Souvenir AK-47 | Black Laminate (Minimal Wear), 49.46
AK-47 | Safety Net (Minimal Wear), 3.63
StatTrak™ M4A1-S | Decimator (Battle-Scarred), 23.01
Souvenir M4A1-S | Control Panel (Well-Worn), 40.34
M4A1-S | Hyper Beast (Field-Tested), 18.93
AK-47 | Jungle Spray (Battle-Scarred), 4.48
AK-47 | Safety Net (Field-Tested), 2.84
AK-47 | Slate (Field-Tested), 3.57
AK-47 | Fire Serpent (Factory New), 2154.15
AK-47 | Jet Set (Well-Worn), 259.27
AWP | Phobos (Field-Tested), 1.3
StatTrak™ AK-47 | Case Hardened (Battle-Scarred), 299.82
AK-47 | Crossfade (Field-Tested), 1.88
StatTrak™ M4A1-S | Black Lotus (Minimal Wear), 30.46
M4A1-S | Vaporwave (Field-Tested), 120.13
AK-47 | Asiimov (Factory New), 177.01
AK-47 | X-Ray (Battle-Scarred), 321.21
StatTrak™ AK-47 | Fire Serpent (Well-Worn), 1481.38
AK-47 | First Class (Battle-Scarred), 73.46
StatTrak™ AK-47 | Aquamarine Revenge (Battle-Scarred), 57.48
AWP | Silk Tiger (Minimal Wear), 196.07
AK-47 | Predator (Factory New), 53.29
AWP | Desert Hydra (Factory New), 2242.03
StatTrak™ AWP | Graphite (Factory New), 348.53
StatTrak™ M4A1-S | Mecha Industries (Factory New), 154.37
AK-47 | Black Laminate (Field-Tested), 31.49
StatTrak™ M4A1-S | Player Two (Factory New), 191.76
StatTrak™ AK-47 | Bloodsport (Minimal Wear), 253.85
AWP | Wildfire (Minimal Wear), 83.91
StatTrak™ AK-47 | Point Disarray (Minimal Wear), 46.48
StatTrak™ M4A1-S | Cyrex (Minimal Wear), 91.51
M4A1-S | Leaded Glass (Field-Tested), 4.51
Souvenir AK-47 | Safety Net (Minimal Wear), 21.6
AWP | Duality (Minimal Wear), 5.24
Souvenir M4A1-S | Control Panel (Minimal Wear), 86.99
M4A1-S | Hyper Beast (Minimal Wear), 46.91
AK-47 | Predator (Field-Tested), 17.56
StatTrak™ AK-47 | Rat Rod (Minimal Wear), 15.44
M4A1-S | Basilisk (Field-Tested), 5.48
M4A1-S | Atomic Alloy (Field-Tested), 38.76
Souvenir AK-47 | Safari Mesh (Battle-Scarred), 9.59
StatTrak™ AK-47 | Phantom Disruptor (Battle-Scarred), 12.07
Souvenir M4A1-S | Imminent Danger (Battle-Scarred), 516.75
StatTrak™ AWP | Worm God (Field-Tested), 4.32
StatTrak™ AK-47 | Uncharted (Minimal Wear), 2.6
StatTrak™ AK-47 | Head Shot (Minimal Wear), 40.81
AK-47 | The Empress (Field-Tested), 32.52
Souvenir AWP | Desert Hydra (Field-Tested), 1474.79
StatTrak™ AK-47 | Jaguar (Minimal Wear), 201.36
Souvenir AWP | Dragon Lore (Minimal Wear), 205823.43
AWP | Duality (Well-Worn), 2.58
M4A1-S | Atomic Alloy (Factory New), 82.81
AK-47 | Panthera onca (Well-Worn), 175.43
AWP | Lightning Strike (Minimal Wear), 575.62
StatTrak™ AWP | Hyper Beast (Battle-Scarred), 56.94
StatTrak™ AWP | Oni Taiji (Battle-Scarred), 0
StatTrak™ M4A1-S | Printstream (Field-Tested), 272.65
AK-47 | The Empress (Minimal Wear), 56.12
M4A1-S | Master Piece (Factory New), 333.43
AK-47 | Fuel Injector (Factory New), 373.16
AK-47 | X-Ray (Minimal Wear), 990.7
StatTrak™ AWP | Electric Hive (Field-Tested), 62.77
AK-47 | Elite Build (Field-Tested), 1.37
AK-47 | Neon Revolution (Battle-Scarred), 19.07
StatTrak™ M4A1-S | Chantico's Fire (Battle-Scarred), 45.54
AWP | BOOM (Minimal Wear), 132.76
Souvenir AWP | Dragon Lore (Battle-Scarred), 24698.81
M4A1-S | Blood Tiger (Field-Tested), 4.53
StatTrak™ AK-47 | Red Laminate (Field-Tested), 112.01
StatTrak™ AWP | PAW (Battle-Scarred), 4.57
StatTrak™ AWP | Phobos (Minimal Wear), 4.51
AK-47 | Head Shot (Minimal Wear), 16.12
AK-47 | Olive Polycam (Battle-Scarred), 0.23
M4A1-S | Golden Coil (Well-Worn), 41.85
M4A1-S | Emphorosaur-S (Field-Tested), 0.44
AK-47 | Wild Lotus (Well-Worn), 5543.24
Souvenir AWP | Desert Hydra (Well-Worn), 1276.11
StatTrak™ AWP | PAW (Field-Tested), 4.35
AK-47 | Case Hardened (Factory New), 334.81
AWP | Pit Viper (Well-Worn), 0.47
Souvenir AWP | Safari Mesh (Field-Tested), 100.24
M4A1-S | Nightmare (Well-Worn), 7.94
StatTrak™ M4A1-S | Mecha Industries (Battle-Scarred), 65.86
StatTrak™ M4A1-S | Briefing (Field-Tested), 8.91
AWP | POP AWP (Well-Worn), 5.21
M4A1-S | Wash me plz (Factory New), 0.42
AK-47 | Blue Laminate (Factory New), 13.93
StatTrak™ AWP | Exoskeleton (Factory New), 30.13
StatTrak™ AWP | Chrome Cannon (Battle-Scarred), 47.19
M4A1-S | Mud-Spec (Battle-Scarred), 0.41
Souvenir M4A1-S | Mud-Spec (Field-Tested), 1.21
StatTrak™ AK-47 | Fuel Injector (Factory New), 712.84
AK-47 | Wasteland Rebel (Well-Worn), 45.92
StatTrak™ AWP | Exoskeleton (Field-Tested), 6.43
M4A1-S | Fizzy POP (Minimal Wear), 1.36
AK-47 | Wild Lotus (Minimal Wear), 10359.78
AWP | Elite Build (Field-Tested), 16.44
AK-47 | Crossfade (Factory New), 4.05
M4A1-S | Briefing (Field-Tested), 2.83
AK-47 | Asiimov (Well-Worn), 32.85
AK-47 | Uncharted (Minimal Wear), 0.55
StatTrak™ AK-47 | Bloodsport (Field-Tested), 216.53
StatTrak™ AWP | Neo-Noir (Battle-Scarred), 52.13
M4A1-S | Wash me plz (Field-Tested), 0.14
M4A1-S | Wash me plz (Minimal Wear), 0.23
StatTrak™ AK-47 | Nightwish (Field-Tested), 19.89
AWP | Phobos (Well-Worn), 2.97
AK-47 | Bloodsport (Field-Tested), 137.9
AK-47 | Jungle Spray (Field-Tested), 4.1
AWP | Chrome Cannon (Well-Worn), 24.67
StatTrak™ AK-47 | The Outsiders (Battle-Scarred), 25.24
M4A1-S | Printstream (Factory New), 419.88
M4A1-S | Cyrex (Battle-Scarred), 19.69
M4A1-S | Bright Water (Field-Tested), 27.24
AWP | Neo-Noir (Well-Worn), 21.86
AWP | Worm God (Minimal Wear), 1.89
M4A1-S | Leaded Glass (Battle-Scarred), 4.67
AK-47 | Steel Delta (Field-Tested), 1.3
AWP | Gungnir (Minimal Wear), 10661.24
StatTrak™ AK-47 | Jaguar (Battle-Scarred), 101.54
StatTrak™ AWP | Mortis (Field-Tested), 5.3
StatTrak™ M4A1-S | Cyrex (Factory New), 121.57
AWP | Atheris (Well-Worn), 2.74
M4A1-S | VariCamo (Minimal Wear), 0.9
AK-47 | Wild Lotus (Field-Tested), 7524.9
M4A1-S | Fade (Minimal Wear), 456.93
AWP | Safari Mesh (Factory New), 1.03
AK-47 | Rat Rod (Battle-Scarred), 3.13
StatTrak™ M4A1-S | Night Terror (Field-Tested), 2.02
StatTrak™ AK-47 | Case Hardened (Factory New), 674.9
AK-47 | Aquamarine Revenge (Minimal Wear), 65.16
StatTrak™ AWP | Capillary (Well-Worn), 3.28
AWP | Snake Camo (Field-Tested), 92.91
M4A1-S | Basilisk (Minimal Wear), 6.3
StatTrak™ AK-47 | Ice Coaled (Field-Tested), 10.81
StatTrak™ AK-47 | Bloodsport (Well-Worn), 208.57
M4A1-S | Emphorosaur-S (Minimal Wear), 0.99
StatTrak™ AK-47 | Inheritance (Well-Worn), 205.75
StatTrak™ AK-47 | Uncharted (Field-Tested), 1.94
StatTrak™ M4A1-S | Golden Coil (Well-Worn), 83.01
AWP | Pit Viper (Battle-Scarred), 0.4
StatTrak™ AK-47 | Red Laminate (Well-Worn), 100.1
StatTrak™ AK-47 | Bloodsport (Factory New), 312.67
StatTrak™ AWP | Corticera (Field-Tested), 31.56
AK-47 | Frontside Misty (Well-Worn), 13.02
AK-47 | Inheritance (Well-Worn), 101.2
AK-47 | Jungle Spray (Minimal Wear), 10.17
AK-47 | Neon Rider (Battle-Scarred), 35.4
AK-47 | Frontside Misty (Field-Tested), 12.9
StatTrak™ M4A1-S | Printstream (Minimal Wear), 478.33
StatTrak™ AK-47 | Cartel (Minimal Wear), 47.75
AK-47 | Point Disarray (Field-Tested), 9.67
StatTrak™ AWP | Exoskeleton (Battle-Scarred), 6.01
StatTrak™ AK-47 | Blue Laminate (Minimal Wear), 31.42
AK-47 | B the Monster (Factory New), 747.95
AK-47 | Jaguar (Minimal Wear), 126.17
M4A1-S | Moss Quartz (Field-Tested), 31.56
StatTrak™ M4A1-S | Emphorosaur-S (Battle-Scarred), 1.78
StatTrak™ AWP | Atheris (Field-Tested), 7.96
AK-47 | The Empress (Well-Worn), 26.38
AK-47 | Slate (Well-Worn), 2.87
Souvenir M4A1-S | Imminent Danger (Minimal Wear), 1454.42
StatTrak™ M4A1-S | Bright Water (Field-Tested), 69.91
Souvenir AWP | Black Nile (Battle-Scarred), 7.41
StatTrak™ AK-47 | Phantom Disruptor (Minimal Wear), 15.5
AK-47 | Neon Rider (Minimal Wear), 82.54
M4A1-S | Imminent Danger (Factory New), 1658.59
Souvenir AWP | Pink DDPAT (Minimal Wear), 47.89
Souvenir M4A1-S | Nitro (Field-Tested), 274.43
Souvenir AK-47 | Panthera onca (Battle-Scarred), 125.55
AK-47 | Jaguar (Well-Worn), 56.39
StatTrak™ AK-47 | Wasteland Rebel (Well-Worn), 115.38
AWP | CMYK (Field-Tested), 250.47
Souvenir AK-47 | Safari Mesh (Minimal Wear), 16.48
StatTrak™ AWP | Elite Build (Field-Tested), 28.8
StatTrak™ AWP | Hyper Beast (Well-Worn), 56.85
StatTrak™ M4A1-S | Mecha Industries (Minimal Wear), 97.55
AWP | Chromatic Aberration (Field-Tested), 6.72
M4A1-S | Fizzy POP (Battle-Scarred), 0.96
StatTrak™ AK-47 | Fire Serpent (Factory New), 4431.93
StatTrak™ M4A1-S | Hyper Beast (Battle-Scarred), 48.03
AK-47 | Steel Delta (Well-Worn), 1.62
StatTrak™ M4A1-S | Leaded Glass (Battle-Scarred), 10.26
Souvenir AWP | Pit Viper (Minimal Wear), 516.6
AWP | CMYK (Battle-Scarred), 160.19
AK-47 | Green Laminate (Factory New), 24.42
AWP | Sun in Leo (Battle-Scarred), 21.3
M4A1-S | Moss Quartz (Minimal Wear), 41.1
Souvenir M4A1-S | Master Piece (Battle-Scarred), 97.06
M4A1-S | Player Two (Minimal Wear), 46.45
StatTrak™ AK-47 | Fuel Injector (Battle-Scarred), 198.96
AK-47 | X-Ray (Well-Worn), 388.11
StatTrak™ AWP | Capillary (Battle-Scarred), 1.37
AK-47 | Nightwish (Battle-Scarred), 5.76
StatTrak™ M4A1-S | Golden Coil (Field-Tested), 109.64
AK-47 | Rat Rod (Field-Tested), 3.42
M4A1-S | Wash me plz (Battle-Scarred), 0.12
AK-47 | Crossfade (Well-Worn), 2.21
AWP | Snake Camo (Well-Worn), 0
AWP | Chromatic Aberration (Well-Worn), 9.31
AK-47 | Neon Rider (Well-Worn), 39.72
StatTrak™ AWP | Chromatic Aberration (Minimal Wear), 22.52
M4A1-S | Golden Coil (Battle-Scarred), 38.69
M4A1-S | Black Lotus (Field-Tested), 9.15
M4A1-S | Leaded Glass (Well-Worn), 5.76
StatTrak™ AK-47 | Slate (Well-Worn), 10.95
M4A1-S | Hyper Beast (Factory New), 132.41
Souvenir M4A1-S | Master Piece (Factory New), 822.95
AWP | Corticera (Field-Tested), 14.41
M4A1-S | Briefing (Factory New), 9.41
AWP | Gungnir (Field-Tested), 8164.33
StatTrak™ AWP | Fever Dream (Field-Tested), 18.86
AK-47 | Wasteland Rebel (Field-Tested), 27.43
AK-47 | Slate (Minimal Wear), 5.45
AWP | Desert Hydra (Minimal Wear), 1879.85
AK-47 | Head Shot (Factory New), 51.23
AK-47 | Ice Coaled (Well-Worn), 5.15
Souvenir AK-47 | Black Laminate (Well-Worn), 30.19
StatTrak™ M4A1-S | Player Two (Field-Tested), 43.14
AWP | Fever Dream (Factory New), 14.13
AK-47 | Case Hardened (Battle-Scarred), 176.18
M4A1-S | Emphorosaur-S (Well-Worn), 0.74
AK-47 | Inheritance (Battle-Scarred), 80.48
AK-47 | First Class (Minimal Wear), 118.57
AWP | Duality (Factory New), 10.87
StatTrak™ AWP | Neo-Noir (Field-Tested), 47.96
AWP | Atheris (Factory New), 13.43
M4A1-S | Mecha Industries (Field-Tested), 25.8
StatTrak™ AWP | Capillary (Minimal Wear), 2.13
Souvenir AWP | Desert Hydra (Minimal Wear), 1831.83
M4A1-S | Atomic Alloy (Battle-Scarred), 43.55
AK-47 | Inheritance (Minimal Wear), 137.49
Souvenir M4A1-S | Nitro (Factory New), 0
AK-47 | Bloodsport (Factory New), 168.78
AK-47 | Vulcan (Field-Tested), 232.44
AK-47 | Predator (Well-Worn), 17.7
AWP | Fever Dream (Field-Tested), 11.25
AK-47 | Safari Mesh (Minimal Wear), 0.15
AK-47 | Panthera onca (Battle-Scarred), 173.71
AWP | Fade (Factory New), 850.74
AK-47 | Panthera onca (Factory New), 267.43
StatTrak™ AK-47 | Frontside Misty (Field-Tested), 30.92
M4A1-S | Fizzy POP (Field-Tested), 1.0
StatTrak™ M4A1-S | Atomic Alloy (Minimal Wear), 86.65
StatTrak™ M4A1-S | Flashback (Minimal Wear), 4.19
M4A1-S | Boreal Forest (Factory New), 1.35
StatTrak™ AWP | Atheris (Factory New), 33.26
AK-47 | Legion of Anubis (Minimal Wear), 7.82
AK-47 | Wasteland Rebel (Battle-Scarred), 29.78
AK-47 | Green Laminate (Minimal Wear), 15.3
AWP | Oni Taiji (Minimal Wear), 297.48
StatTrak™ AWP | Hyper Beast (Factory New), 216.8
AWP | Black Nile (Factory New), 4.99
AWP | Graphite (Minimal Wear), 132.14
AWP | The Prince (Factory New), 3049.21
StatTrak™ AK-47 | Orbit Mk01 (Field-Tested), 42.76
AK-47 | Ice Coaled (Factory New), 14.0
AWP | Black Nile (Minimal Wear), 3.11
AK-47 | Safety Net (Factory New), 5.2
StatTrak™ AK-47 | Red Laminate (Factory New), 1218.47
AWP | Asiimov (Field-Tested), 135.84
M4A1-S | Boreal Forest (Minimal Wear), 0.11
AWP | Elite Build (Well-Worn), 14.54
StatTrak™ AK-47 | Frontside Misty (Factory New), 121.71
Souvenir AK-47 | Green Laminate (Factory New), 20.0
M4A1-S | Blood Tiger (Factory New), 5.07
Souvenir AK-47 | Black Laminate (Battle-Scarred), 27.44
StatTrak™ AWP | PAW (Well-Worn), 4.62
StatTrak™ M4A1-S | Blood Tiger (Factory New), 14.0
AK-47 | Asiimov (Field-Tested), 27.96
StatTrak™ AK-47 | Ice Coaled (Factory New), 39.11
AK-47 | Vulcan (Well-Worn), 159.86
StatTrak™ AWP | Containment Breach (Well-Worn), 116.63
AWP | Crakow! (Factory New), 205.82
Souvenir M4A1-S | VariCamo (Factory New), 40.89
AK-47 | Safari Mesh (Field-Tested), 0.07
AWP | Hyper Beast (Well-Worn), 22.11
StatTrak™ M4A1-S | Decimator (Field-Tested), 24.7
StatTrak™ AWP | PAW (Factory New), 12.31
StatTrak™ AK-47 | Point Disarray (Battle-Scarred), 23.89
M4A1-S | Player Two (Battle-Scarred), 14.47
StatTrak™ AWP | Asiimov (Battle-Scarred), 129.87
StatTrak™ AWP | Redline (Well-Worn), 124.54
StatTrak™ AK-47 | Asiimov (Factory New), 406.91
M4A1-S | Vaporwave (Minimal Wear), 147.92
StatTrak™ AK-47 | Neon Revolution (Field-Tested), 48.44
AWP | Acheron (Minimal Wear), 1.1
AWP | Neo-Noir (Field-Tested), 21.61
StatTrak™ M4A1-S | Hyper Beast (Field-Tested), 52.97
AK-47 | Frontside Misty (Minimal Wear), 23.72
StatTrak™ AK-47 | Asiimov (Field-Tested), 57.63
Souvenir AWP | Safari Mesh (Well-Worn), 274.43
AWP | Sun in Leo (Minimal Wear), 25.38
AWP | Sun in Leo (Field-Tested), 21.6
AK-47 | Wasteland Rebel (Minimal Wear), 46.93
AWP | Lightning Strike (Factory New), 522.11
StatTrak™ AK-47 | Neon Revolution (Well-Worn), 137.22
M4A1-S | Decimator (Factory New), 35.68
AK-47 | Nightwish (Factory New), 52.14
M4A1-S | Guardian (Battle-Scarred), 20.03
AWP | Oni Taiji (Battle-Scarred), 157.04
AK-47 | Aquamarine Revenge (Field-Tested), 32.02
AWP | Pink DDPAT (Well-Worn), 31.56
AWP | Man-o'-war (Field-Tested), 36.77
StatTrak™ AK-47 | Fire Serpent (Minimal Wear), 2743.97
StatTrak™ AWP | Graphite (Minimal Wear), 315.6
StatTrak™ AWP | Fever Dream (Battle-Scarred), 18.66
StatTrak™ AWP | Hyper Beast (Minimal Wear), 109.62
M4A1-S | Dark Water (Field-Tested), 77.25
Souvenir AWP | Dragon Lore (Factory New), 480252.68
StatTrak™ AWP | Electric Hive (Factory New), 95.76
StatTrak™ AK-47 | Ice Coaled (Well-Worn), 13.21
AK-47 | Red Laminate (Battle-Scarred), 51.68
AK-47 | Green Laminate (Well-Worn), 22.2
M4A1-S | Golden Coil (Factory New), 150.94
StatTrak™ AWP | Redline (Minimal Wear), 129.05
AK-47 | Cartel (Factory New), 25.38
AK-47 | First Class (Factory New), 127.61
M4A1-S | Welcome to the Jungle (Minimal Wear), 1426.91
AK-47 | Phantom Disruptor (Well-Worn), 5.08
AWP | Desert Hydra (Field-Tested), 1536.68
StatTrak™ M4A1-S | Night Terror (Factory New), 5.87
StatTrak™ AWP | Duality (Battle-Scarred), 5.45
StatTrak™ M4A1-S | Cyrex (Battle-Scarred), 82.33
StatTrak™ AK-47 | Phantom Disruptor (Well-Worn), 13.72
StatTrak™ M4A1-S | Leaded Glass (Well-Worn), 16.47
AWP | Mortis (Factory New), 6.71
AK-47 | Baroque Purple (Battle-Scarred), 6.64
AWP | Worm God (Factory New), 2.79
AWP | PAW (Well-Worn), 1.68
Souvenir M4A1-S | Nitro (Battle-Scarred), 0
StatTrak™ M4A1-S | Briefing (Well-Worn), 71.21
M4A1-S | Mud-Spec (Well-Worn), 0.34
AWP | Safari Mesh (Field-Tested), 0.06
AWP | Fever Dream (Well-Worn), 10.89
StatTrak™ AK-47 | The Empress (Field-Tested), 77.99
M4A1-S | Decimator (Battle-Scarred), 10.52
StatTrak™ M4A1-S | Cyrex (Field-Tested), 53.99
AWP | Dragon Lore (Well-Worn), 12349.41
StatTrak™ M4A1-S | Emphorosaur-S (Field-Tested), 1.73
M4A1-S | Guardian (Well-Worn), 28.54
AK-47 | Head Shot (Field-Tested), 7.78
AWP | Neo-Noir (Battle-Scarred), 23.74
StatTrak™ M4A1-S | Mecha Industries (Well-Worn), 66.96
AK-47 | B the Monster (Minimal Wear), 444.51
AK-47 | Cartel (Battle-Scarred), 12.35
AWP | Asiimov (Well-Worn), 98.8
AK-47 | Panthera onca (Minimal Wear), 237.38
AK-47 | Elite Build (Battle-Scarred), 1.13
StatTrak™ M4A1-S | Blood Tiger (Field-Tested), 13.04
StatTrak™ AK-47 | Rat Rod (Field-Tested), 10.16
StatTrak™ M4A1-S | Bright Water (Minimal Wear), 68.75
StatTrak™ AK-47 | Uncharted (Factory New), 5.75
AK-47 | Gold Arabesque (Factory New), 2758.03
StatTrak™ AK-47 | Red Laminate (Minimal Wear), 225.45
AK-47 | Panthera onca (Field-Tested), 187.99
AK-47 | Asiimov (Minimal Wear), 56.67
AWP | Capillary (Battle-Scarred), 0.27
AK-47 | First Class (Field-Tested), 83.7
AWP | Mortis (Battle-Scarred), 2.02
StatTrak™ AK-47 | Neon Rider (Battle-Scarred), 98.8
AK-47 | Cartel (Well-Worn), 13.72
StatTrak™ M4A1-S | Chantico's Fire (Factory New), 245.38
M4A1-S | Nitro (Minimal Wear), 1.02
StatTrak™ AK-47 | Uncharted (Battle-Scarred), 2.11
StatTrak™ M4A1-S | Briefing (Battle-Scarred), 9.33
AWP | Silk Tiger (Factory New), 221.47
StatTrak™ AK-47 | Legion of Anubis (Minimal Wear), 24.97
AK-47 | Olive Polycam (Minimal Wear), 0.41
StatTrak™ M4A1-S | Guardian (Well-Worn), 48.02
StatTrak™ M4A1-S | Leaded Glass (Minimal Wear), 15.16
M4A1-S | Emphorosaur-S (Battle-Scarred), 0.43
AK-47 | Neon Rider (Factory New), 144.76
StatTrak™ AK-47 | Point Disarray (Field-Tested), 26.07
AK-47 | Ice Coaled (Field-Tested), 4.7
StatTrak™ M4A1-S | Chantico's Fire (Minimal Wear), 104.28
AWP | Graphite (Factory New), 136.12
AWP | Medusa (Battle-Scarred), 1632.59
M4A1-S | Nitro (Battle-Scarred), 0.25
AWP | Fever Dream (Battle-Scarred), 10.84
AK-47 | The Outsiders (Factory New), 104.28
StatTrak™ M4A1-S | Chantico's Fire (Field-Tested), 58.73
StatTrak™ AWP | Elite Build (Battle-Scarred), 27.43
StatTrak™ M4A1-S | Atomic Alloy (Well-Worn), 52.69
AK-47 | Orbit Mk01 (Field-Tested), 16.44
StatTrak™ AK-47 | Rat Rod (Battle-Scarred), 10.42
Souvenir AK-47 | Safety Net (Well-Worn), 0
StatTrak™ M4A1-S | Hyper Beast (Well-Worn), 41.92
AWP | Silk Tiger (Battle-Scarred), 189.04
StatTrak™ M4A1-S | Flashback (Factory New), 11.92
Souvenir AK-47 | Steel Delta (Factory New), 13.02
AWP | Pink DDPAT (Minimal Wear), 37.02
Souvenir AWP | Safari Mesh (Factory New), 0
AWP | Silk Tiger (Well-Worn), 178.38
AWP | Black Nile (Battle-Scarred), 2.44
AK-47 | Slate (Factory New), 11.84
StatTrak™ AK-47 | Vulcan (Field-Tested), 401.36
Souvenir M4A1-S | Control Panel (Factory New), 809.43
AWP | Exoskeleton (Well-Worn), 3.26
AWP | Safari Mesh (Well-Worn), 0.06
AK-47 | Frontside Misty (Factory New), 66.89
AWP | Worm God (Field-Tested), 1.55
M4A1-S | Atomic Alloy (Well-Worn), 38.34
StatTrak™ AWP | Fever Dream (Factory New), 29.49
StatTrak™ AK-47 | Aquamarine Revenge (Field-Tested), 82.19
StatTrak™ M4A1-S | Vaporwave (Minimal Wear), 209.12
AWP | Gungnir (Well-Worn), 6901.74
StatTrak™ AWP | Oni Taiji (Factory New), 723.81
Souvenir M4A1-S | Mud-Spec (Battle-Scarred), 2.2
AWP | Gungnir (Battle-Scarred), 6277.61
AK-47 | Safety Net (Battle-Scarred), 2.74
StatTrak™ M4A1-S | Leaded Glass (Factory New), 27.17
AK-47 | Neon Rider (Field-Tested), 39.59
AK-47 | First Class (Well-Worn), 79.37
AK-47 | Nightwish (Minimal Wear), 15.5
M4A1-S | VariCamo (Well-Worn), 0.53
AWP | Electric Hive (Factory New), 45.97
StatTrak™ AWP | Chromatic Aberration (Field-Tested), 17.75
M4A1-S | Mud-Spec (Field-Tested), 0.16
StatTrak™ AWP | Phobos (Well-Worn), 7.68
AWP | Pink DDPAT (Factory New), 103.5
Souvenir AK-47 | Green Laminate (Field-Tested), 13.57
StatTrak™ AK-47 | Neon Rider (Well-Worn), 137.08
AK-47 | Red Laminate (Field-Tested), 56.12
AWP | Safari Mesh (Minimal Wear), 0.1
AWP | Chrome Cannon (Factory New), 131.73
Souvenir AK-47 | Safety Net (Battle-Scarred), 21.53
StatTrak™ AWP | Redline (Field-Tested), 83.7
M4A1-S | Briefing (Battle-Scarred), 2.95
AK-47 | Phantom Disruptor (Factory New), 10.23
StatTrak™ AK-47 | Wasteland Rebel (Minimal Wear), 123.82
StatTrak™ M4A1-S | Vaporwave (Factory New), 362.94
StatTrak™ AK-47 | Redline (Battle-Scarred), 37.53
AWP | Snake Camo (Minimal Wear), 94.68
StatTrak™ AWP | Oni Taiji (Field-Tested), 369.93
Souvenir M4A1-S | Control Panel (Field-Tested), 49.4
StatTrak™ M4A1-S | Nightmare (Minimal Wear), 45.97
Souvenir M4A1-S | VariCamo (Field-Tested), 15.78
StatTrak™ M4A1-S | Vaporwave (Well-Worn), 136.94
AK-47 | Jet Set (Field-Tested), 301.87
Souvenir AK-47 | Safari Mesh (Well-Worn), 9.02
StatTrak™ AWP | Lightning Strike (Factory New), 797.22
AK-47 | Crossfade (Battle-Scarred), 1.95
M4A1-S | Chantico's Fire (Well-Worn), 19.8
StatTrak™ AWP | Man-o'-war (Field-Tested), 89.19
StatTrak™ AK-47 | Aquamarine Revenge (Factory New), 222.29
StatTrak™ M4A1-S | Black Lotus (Field-Tested), 21.75
AK-47 | Gold Arabesque (Battle-Scarred), 1427.04
AK-47 | Blue Laminate (Well-Worn), 13.17
Souvenir AK-47 | Gold Arabesque (Minimal Wear), 2428.44
M4A1-S | Atomic Alloy (Minimal Wear), 47.67
Souvenir AWP | Dragon Lore (Well-Worn), 0
StatTrak™ AK-47 | The Empress (Battle-Scarred), 65.18
StatTrak™ AWP | Chrome Cannon (Factory New), 256.29
StatTrak™ AWP | Electric Hive (Minimal Wear), 67.24
StatTrak™ M4A1-S | Guardian (Field-Tested), 48.65
M4A1-S | Bright Water (Minimal Wear), 27.52
StatTrak™ AK-47 | Vulcan (Minimal Wear), 786.18
M4A1-S | Printstream (Minimal Wear), 272.37
M4A1-S | Imminent Danger (Battle-Scarred), 1219.5
StatTrak™ M4A1-S | Golden Coil (Minimal Wear), 173.71
M4A1-S | Vaporwave (Factory New), 208.84
M4A1-S | Flashback (Factory New), 2.51
M4A1-S | Printstream (Field-Tested), 198.62
M4A1-S | VariCamo (Factory New), 1.19
StatTrak™ M4A1-S | Nightmare (Well-Worn), 16.49
AK-47 | Uncharted (Well-Worn), 0.83
StatTrak™ AK-47 | Orbit Mk01 (Well-Worn), 0
StatTrak™ AK-47 | Fuel Injector (Well-Worn), 233.27
M4A1-S | Golden Coil (Field-Tested), 57.35
M4A1-S | Cyrex (Well-Worn), 21.54
AK-47 | Predator (Battle-Scarred), 17.46
AWP | Oni Taiji (Well-Worn), 150.94
M4A1-S | Welcome to the Jungle (Factory New), 2119.22
StatTrak™ AWP | Man-o'-war (Minimal Wear), 93.99
Souvenir AWP | Pit Viper (Well-Worn), 0
StatTrak™ AWP | Phobos (Factory New), 6.86
StatTrak™ AK-47 | Elite Build (Field-Tested), 4.64
AK-47 | B the Monster (Field-Tested), 272.99
AK-47 | Wild Lotus (Battle-Scarred), 3135.38
M4A1-S | Flashback (Field-Tested), 0.43
StatTrak™ AWP | Asiimov (Field-Tested), 230.04
AK-47 | Jaguar (Field-Tested), 79.99
StatTrak™ AK-47 | Elite Build (Factory New), 25.05
AK-47 | Blue Laminate (Field-Tested), 11.05
AK-47 | Safari Mesh (Well-Worn), 0.07
M4A1-S | Black Lotus (Factory New), 21.13
M4A1-S | Night Terror (Field-Tested), 0.41
AWP | PAW (Minimal Wear), 2.4
Souvenir AWP | Desert Hydra (Factory New), 2591.73
Souvenir M4A1-S | VariCamo (Battle-Scarred), 17.29
StatTrak™ AK-47 | Jaguar (Factory New), 343.04
M4A1-S | Control Panel (Factory New), 32.01
StatTrak™ M4A1-S | Flashback (Field-Tested), 2.49
AK-47 | X-Ray (Field-Tested), 674.96
AK-47 | Redline (Minimal Wear), 144.21
AWP | CMYK (Factory New), 726.9
AK-47 | Frontside Misty (Battle-Scarred), 13.0
AK-47 | Gold Arabesque (Well-Worn), 1619.14
AWP | Sun in Leo (Well-Worn), 21.75
StatTrak™ AK-47 | Blue Laminate (Well-Worn), 45.28
AWP | Electric Hive (Minimal Wear), 32.86
AWP | Containment Breach (Minimal Wear), 144.76
StatTrak™ AK-47 | The Outsiders (Field-Tested), 27.99
AWP | Elite Build (Factory New), 29.02
StatTrak™ AWP | Phobos (Field-Tested), 4.2
AK-47 | Head Shot (Battle-Scarred), 6.11
AWP | Exoskeleton (Factory New), 8.2
StatTrak™ AK-47 | Case Hardened (Well-Worn), 315.44
M4A1-S | Icarus Fell (Minimal Wear), 480.12
Souvenir AK-47 | Gold Arabesque (Field-Tested), 1846.37
StatTrak™ AWP | BOOM (Minimal Wear), 212.34
StatTrak™ AWP | Worm God (Minimal Wear), 4.64
M4A1-S | Flashback (Minimal Wear), 0.88
Souvenir AK-47 | Safari Mesh (Factory New), 259.06
Souvenir AWP | Pink DDPAT (Factory New), 617.47
Souvenir M4A1-S | Mud-Spec (Factory New), 6.02
AWP | BOOM (Field-Tested), 127.2
Souvenir M4A1-S | Master Piece (Well-Worn), 102.91
StatTrak™ AK-47 | The Empress (Minimal Wear), 123.49
AK-47 | Redline (Field-Tested), 27.44
StatTrak™ AK-47 | Orbit Mk01 (Minimal Wear), 51.3
M4A1-S | Hot Rod (Minimal Wear), 945.14
Souvenir M4A1-S | Control Panel (Battle-Scarred), 42.54
StatTrak™ AK-47 | Neon Rider (Minimal Wear), 171.52
M4A1-S | Moss Quartz (Battle-Scarred), 31.97
AK-47 | Safari Mesh (Battle-Scarred), 0.07
M4A1-S | Control Panel (Battle-Scarred), 4.79
AK-47 | Rat Rod (Factory New), 9.86
Souvenir AWP | Black Nile (Factory New), 23.6
StatTrak™ AWP | Atheris (Minimal Wear), 14.67
AK-47 | Slate (Battle-Scarred), 2.88
AK-47 | Red Laminate (Minimal Wear), 106.85
AK-47 | Legion of Anubis (Battle-Scarred), 5.49
StatTrak™ M4A1-S | Night Terror (Battle-Scarred), 4.38
M4A1-S | Vaporwave (Battle-Scarred), 89.6
AWP | Man-o'-war (Minimal Wear), 38.42
AK-47 | Emerald Pinstripe (Well-Worn), 2.71
AWP | Phobos (Factory New), 2.18
StatTrak™ AK-47 | Head Shot (Factory New), 106.96
Souvenir M4A1-S | Welcome to the Jungle (Field-Tested), 862.93
AK-47 | Neon Revolution (Minimal Wear), 31.22
AK-47 | Fire Serpent (Battle-Scarred), 484.99
StatTrak™ AK-47 | Neon Revolution (Factory New), 137.08
StatTrak™ AWP | Wildfire (Minimal Wear), 149.29
AK-47 | Fuel Injector (Well-Worn), 149.43
StatTrak™ AWP | PAW (Minimal Wear), 6.67
AWP | Chromatic Aberration (Battle-Scarred), 6.96
StatTrak™ AK-47 | Asiimov (Minimal Wear), 120.89
Souvenir AWP | Black Nile (Minimal Wear), 10.23
StatTrak™ AK-47 | Leet Museo (Field-Tested), 54.61
M4A1-S | Control Panel (Well-Worn), 4.77
Souvenir AK-47 | Gold Arabesque (Battle-Scarred), 1494.0
M4A1-S | Blue Phosphor (Minimal Wear), 568.07
StatTrak™ M4A1-S | Emphorosaur-S (Factory New), 8.53
M4A1-S | Night Terror (Factory New), 1.43
Souvenir M4A1-S | Imminent Danger (Factory New), 9452.63
StatTrak™ AWP | Elite Build (Factory New), 71.34
Souvenir M4A1-S | Boreal Forest (Minimal Wear), 274.42
AK-47 | Redline (Well-Worn), 21.74
AWP | Dragon Lore (Minimal Wear), 8644.45
AK-47 | Leet Museo (Factory New), 72.38
M4A1-S | Cyrex (Factory New), 39.23
AK-47 | Fire Serpent (Well-Worn), 761.53
AK-47 | Predator (Minimal Wear), 20.62
StatTrak™ AK-47 | Cartel (Factory New), 85.0
StatTrak™ AWP | Chromatic Aberration (Well-Worn), 20.42
Souvenir M4A1-S | Nitro (Minimal Wear), 751.94
M4A1-S | Mecha Industries (Battle-Scarred), 22.19
M4A1-S | Welcome to the Jungle (Field-Tested), 970.05
StatTrak™ M4A1-S | Night Terror (Well-Worn), 3.35
StatTrak™ AK-47 | Elite Build (Battle-Scarred), 3.49
AWP | Hyper Beast (Battle-Scarred), 21.95
StatTrak™ AK-47 | Inheritance (Minimal Wear), 241.29
AK-47 | Baroque Purple (Factory New), 15.08
AK-47 | Redline (Battle-Scarred), 18.99
M4A1-S | Mud-Spec (Factory New), 1.0
AWP | Dragon Lore (Field-Tested), 6270.75
StatTrak™ AWP | Chrome Cannon (Field-Tested), 68.2
M4A1-S | Mecha Industries (Well-Worn), 26.76
AWP | Dragon Lore (Battle-Scarred), 4665.06
Souvenir M4A1-S | Master Piece (Field-Tested), 128.91
StatTrak™ AK-47 | Point Disarray (Well-Worn), 41.03
StatTrak™ AWP | Containment Breach (Factory New), 562.52
M4A1-S | Mecha Industries (Minimal Wear), 49.05
StatTrak™ AWP | BOOM (Field-Tested), 185.1
AWP | Crakow! (Minimal Wear), 141.74
M4A1-S | Knight (Factory New), 3003.38
StatTrak™ AK-47 | Leet Museo (Factory New), 151.55
StatTrak™ AWP | Duality (Factory New), 24.34
StatTrak™ AK-47 | Rat Rod (Factory New), 35.88
AWP | Wildfire (Well-Worn), 47.89
StatTrak™ M4A1-S | Dark Water (Minimal Wear), 126.92
StatTrak™ M4A1-S | Dark Water (Field-Tested), 109.77
AWP | Gungnir (Factory New), 11855.43
M4A1-S | Boreal Forest (Battle-Scarred), 0.06
M4A1-S | Black Lotus (Well-Worn), 9.6
StatTrak™ AWP | Capillary (Field-Tested), 1.34
StatTrak™ AWP | Electric Hive (Well-Worn), 0
Souvenir AWP | Black Nile (Field-Tested), 6.35
Souvenir M4A1-S | Knight (Factory New), 2579.65
StatTrak™ AWP | Oni Taiji (Well-Worn), 315.6
AK-47 | Nightwish (Field-Tested), 8.09
AK-47 | Fire Serpent (Minimal Wear), 1163.38
StatTrak™ AK-47 | Case Hardened (Field-Tested), 384.2
AWP | Fade (Minimal Wear), 933.07
AWP | Capillary (Minimal Wear), 0.57
StatTrak™ AK-47 | Blue Laminate (Factory New), 42.54
StatTrak™ M4A1-S | Emphorosaur-S (Minimal Wear), 3.36
AK-47 | Case Hardened (Well-Worn), 187.85
AWP | The Prince (Field-Tested), 2030.72
AK-47 | Legion of Anubis (Factory New), 13.79
AWP | Capillary (Factory New), 2.32
AK-47 | X-Ray (Factory New), 1768.71
Souvenir AK-47 | Steel Delta (Well-Worn), 8.09
AWP | Medusa (Minimal Wear), 2317.3
AWP | Electric Hive (Field-Tested), 32.28
AK-47 | Black Laminate (Well-Worn), 34.3
StatTrak™ AWP | Atheris (Battle-Scarred), 6.61
AK-47 | Cartel (Minimal Wear), 13.6
AWP | Crakow! (Well-Worn), 75.47
M4A1-S | Basilisk (Battle-Scarred), 6.04
StatTrak™ AK-47 | Nightwish (Minimal Wear), 37.87
AK-47 | Uncharted (Field-Tested), 0.33
StatTrak™ M4A1-S | Atomic Alloy (Factory New), 123.49
Souvenir M4A1-S | Nitro (Well-Worn), 0
AK-47 | Red Laminate (Well-Worn), 67.92
StatTrak™ M4A1-S | Basilisk (Battle-Scarred), 18.72
StatTrak™ AK-47 | Slate (Field-Tested), 11.66
AWP | PAW (Battle-Scarred), 1.77
AWP | Chromatic Aberration (Factory New), 14.75
AWP | POP AWP (Factory New), 7.51
AK-47 | Steel Delta (Factory New), 2.5
AK-47 | Uncharted (Factory New), 1.23
AK-47 | The Outsiders (Well-Worn), 11.19
AWP | BOOM (Factory New), 331.92
StatTrak™ AWP | Mortis (Well-Worn), 6.45
StatTrak™ M4A1-S | Atomic Alloy (Battle-Scarred), 51.73
AWP | Exoskeleton (Field-Tested), 4.57
StatTrak™ AK-47 | Phantom Disruptor (Factory New), 27.58
M4A1-S | Wash me plz (Well-Worn), 0.16
AWP | Wildfire (Factory New), 128.91
AWP | The Prince (Minimal Wear), 2449.23
StatTrak™ AK-47 | Redline (Field-Tested), 76.84
StatTrak™ AK-47 | Head Shot (Well-Worn), 15.9
StatTrak™ AK-47 | Fire Serpent (Field-Tested), 1672.59
StatTrak™ AK-47 | Jaguar (Well-Worn), 102.91
AK-47 | Safety Net (Well-Worn), 3.35
StatTrak™ AK-47 | The Outsiders (Factory New), 123.77
AWP | Asiimov (Battle-Scarred), 72.52
AK-47 | Fire Serpent (Field-Tested), 794.89
AWP | CMYK (Well-Worn), 205.55
StatTrak™ AWP | Neo-Noir (Factory New), 82.26
Souvenir M4A1-S | Mud-Spec (Minimal Wear), 2.2
AK-47 | Orbit Mk01 (Battle-Scarred), 17.22
StatTrak™ AK-47 | Aquamarine Revenge (Well-Worn), 59.0
Souvenir AK-47 | Panthera onca (Minimal Wear), 197.52
Souvenir AK-47 | Safari Mesh (Field-Tested), 8.81
AWP | Snake Camo (Battle-Scarred), 94.67
StatTrak™ AK-47 | Frontside Misty (Battle-Scarred), 36.91
Souvenir AK-47 | Panthera onca (Well-Worn), 115.12
Souvenir M4A1-S | Mud-Spec (Well-Worn), 3.09
AK-47 | Uncharted (Battle-Scarred), 0.35
Souvenir AK-47 | Green Laminate (Well-Worn), 25.29
AK-47 | Elite Build (Minimal Wear), 2.2
StatTrak™ AWP | Containment Breach (Battle-Scarred), 113.31
AK-47 | Point Disarray (Factory New), 30.05
AWP | Duality (Battle-Scarred), 1.8
AK-47 | Jungle Spray (Factory New), 96.74
StatTrak™ AK-47 | Aquamarine Revenge (Minimal Wear), 141.33
Souvenir M4A1-S | Welcome to the Jungle (Battle-Scarred), 547.22
AWP | Wildfire (Field-Tested), 50.77
StatTrak™ M4A1-S | Hyper Beast (Minimal Wear), 108.88
StatTrak™ M4A1-S | Basilisk (Factory New), 34.99
StatTrak™ AK-47 | Cartel (Battle-Scarred), 34.91
AWP | Black Nile (Field-Tested), 2.0
Souvenir AK-47 | Black Laminate (Field-Tested), 27.44
M4A1-S | Flashback (Battle-Scarred), 0.35
StatTrak™ AK-47 | Uncharted (Field-Tested), 1.96
StatTrak™ AK-47 | Fire Serpent (Battle-Scarred), 1166.33
AK-47 | Jet Set (Minimal Wear), 361.29
StatTrak™ AK-47 | Phantom Disruptor (Field-Tested), 10.91
AK-47 | Gold Arabesque (Field-Tested), 1921.02
AWP | Phobos (Minimal Wear), 1.44
StatTrak™ M4A1-S | Nightmare (Factory New), 100.3
AK-47 | Elite Build (Well-Worn), 1.11
AK-47 | Green Laminate (Field-Tested), 16.26
StatTrak™ M4A1-S | Basilisk (Minimal Wear), 21.75
StatTrak™ AWP | Atheris (Well-Worn), 6.7
AK-47 | Legion of Anubis (Well-Worn), 6.56
AWP | Safari Mesh (Battle-Scarred), 0.05
StatTrak™ AK-47 | Uncharted (Well-Worn), 2.85
M4A1-S | Cyrex (Field-Tested), 19.74
M4A1-S | Basilisk (Well-Worn), 9.45
StatTrak™ AWP | Wildfire (Battle-Scarred), 90.56
AWP | Atheris (Field-Tested), 3.43
AWP | Containment Breach (Factory New), 295.01
StatTrak™ AWP | Hyper Beast (Field-Tested), 62.98
AWP | Exoskeleton (Battle-Scarred), 3.1
AK-47 | Jaguar (Battle-Scarred), 53.13
AK-47 | Fuel Injector (Minimal Wear), 232.92
AWP | Containment Breach (Battle-Scarred), 50.08
StatTrak™ AWP | Corticera (Factory New), 87.82
Souvenir M4A1-S | Imminent Danger (Field-Tested), 630.37
AK-47 | The Outsiders (Minimal Wear), 38.35
StatTrak™ AWP | Wildfire (Well-Worn), 102.91
Souvenir M4A1-S | Welcome to the Jungle (Minimal Wear), 1426.97
StatTrak™ AWP | Asiimov (Well-Worn), 167.27
StatTrak™ AK-47 | Point Disarray (Factory New), 83.69
AWP | Pit Viper (Minimal Wear), 0.53
StatTrak™ AWP | Mortis (Factory New), 16.17
StatTrak™ AK-47 | Blue Laminate (Field-Tested), 28.82
StatTrak™ M4A1-S | Decimator (Well-Worn), 31.01
StatTrak™ AWP | Worm God (Factory New), 7.27
AK-47 | Cartel (Field-Tested), 11.36
AWP | Capillary (Field-Tested), 0.27
M4A1-S | Night Terror (Well-Worn), 0.82
M4A1-S | Nightmare (Factory New), 43.22
StatTrak™ AK-47 | Nightwish (Factory New), 116.56
StatTrak™ AK-47 | Leet Museo (Battle-Scarred), 54.41
StatTrak™ AWP | Exoskeleton (Minimal Wear), 10.24
AK-47 | Fuel Injector (Field-Tested), 187.92
Souvenir AWP | Acheron (Well-Worn), 9.32
StatTrak™ M4A1-S | Player Two (Battle-Scarred), 39.35
AWP | Hyper Beast (Factory New), 83.7
AWP | Crakow! (Field-Tested), 117.46
AK-47 | Baroque Purple (Minimal Wear), 6.99
M4A1-S | Boreal Forest (Field-Tested), 0.07
AK-47 | Emerald Pinstripe (Field-Tested), 2.96
AK-47 | Leet Museo (Well-Worn), 19.88
StatTrak™ AWP | Chrome Cannon (Minimal Wear), 115.88
M4A1-S | Moss Quartz (Well-Worn), 43.91
AWP | Medusa (Factory New), 4618.68
StatTrak™ AWP | Mortis (Battle-Scarred), 5.9
Souvenir AK-47 | Steel Delta (Minimal Wear), 5.28
M4A1-S | Nightmare (Minimal Wear), 17.7
AK-47 | Leet Museo (Battle-Scarred), 19.14
M4A1-S | Blood Tiger (Minimal Wear), 4.31
AK-47 | Inheritance (Factory New), 190.73
StatTrak™ AK-47 | Inheritance (Field-Tested), 141.95
AK-47 | Black Laminate (Factory New), 128.79
StatTrak™ AWP | Oni Taiji (Minimal Wear), 547.56
StatTrak™ AK-47 | Slate (Battle-Scarred), 10.7
StatTrak™ AK-47 | Frontside Misty (Minimal Wear), 56.94
Souvenir M4A1-S | Boreal Forest (Well-Worn), 0
M4A1-S | Blue Phosphor (Factory New), 555.93
M4A1-S | Guardian (Field-Tested), 17.98
M4A1-S | Nightmare (Battle-Scarred), 8.01
M4A1-S | Briefing (Well-Worn), 3.96
M4A1-S | Leaded Glass (Minimal Wear), 6.16
AWP | PAW (Factory New), 3.97
AWP | The Prince (Well-Worn), 1852.34
M4A1-S | Printstream (Well-Worn), 179.75
StatTrak™ AK-47 | Jaguar (Field-Tested), 156.43
AK-47 | Olive Polycam (Field-Tested), 0.26
Souvenir AWP | Acheron (Factory New), 32.25
AK-47 | Black Laminate (Battle-Scarred), 34.92
AK-47 | Legion of Anubis (Field-Tested), 5.47
AK-47 | Wasteland Rebel (Factory New), 201.98
AWP | Chrome Cannon (Minimal Wear), 74.78
AWP | Crakow! (Battle-Scarred), 55.57
AWP | Atheris (Minimal Wear), 5.87
AK-47 | Head Shot (Well-Worn), 6.11
StatTrak™ AK-47 | Head Shot (Battle-Scarred), 17.56
AWP | Capillary (Well-Worn), 0.65
StatTrak™ M4A1-S | Cyrex (Well-Worn), 62.2
M4A1-S | Player Two (Field-Tested), 19.76
M4A1-S | Master Piece (Battle-Scarred), 98.05
StatTrak™ AK-47 | The Empress (Well-Worn), 63.74
AWP | Medusa (Well-Worn), 1591.7
AWP | Redline (Well-Worn), 54.68
StatTrak™ AK-47 | Fuel Injector (Field-Tested), 333.43
StatTrak™ AK-47 | Wasteland Rebel (Field-Tested), 94.28
M4A1-S | Nitro (Factory New), 3.56
AK-47 | Case Hardened (Field-Tested), 222.01
AK-47 | Phantom Disruptor (Minimal Wear), 5.72
Souvenir AK-47 | Gold Arabesque (Factory New), 4089.03
StatTrak™ AK-47 | Slate (Factory New), 40.05
M4A1-S | Moss Quartz (Factory New), 57.38
Souvenir AK-47 | Steel Delta (Battle-Scarred), 4.94
AK-47 | Blue Laminate (Minimal Wear), 11.58
StatTrak™ AK-47 | Legion of Anubis (Factory New), 43.77
AWP | Medusa (Field-Tested), 1850.35
M4A1-S | Flashback (Well-Worn), 0.37
AK-47 | Aquamarine Revenge (Battle-Scarred), 22.71
Souvenir AWP | Dragon Lore (Field-Tested), 45281.15
AK-47 | Black Laminate (Minimal Wear), 33.14
StatTrak™ M4A1-S | Printstream (Battle-Scarred), 198.69
M4A1-S | Cyrex (Minimal Wear), 27.57
AK-47 | Gold Arabesque (Minimal Wear), 2325.74
M4A1-S | Fade (Factory New), 438.88
StatTrak™ M4A1-S | Guardian (Battle-Scarred), 196.81
AK-47 | Baroque Purple (Well-Worn), 6.31
StatTrak™ AK-47 | Orbit Mk01 (Factory New), 80.0
M4A1-S | Welcome to the Jungle (Well-Worn), 596.89
StatTrak™ AK-47 | Legion of Anubis (Well-Worn), 25.38
M4A1-S | Mecha Industries (Factory New), 109.57
M4A1-S | Master Piece (Field-Tested), 130.35
AK-47 | Bloodsport (Minimal Wear), 152.24
AK-47 | Emerald Pinstripe (Battle-Scarred), 2.7
StatTrak™ AK-47 | Red Laminate (Battle-Scarred), 121.85
AK-47 | Point Disarray (Battle-Scarred), 10.38
StatTrak™ AWP | Lightning Strike (Minimal Wear), 823.29
AWP | CMYK (Minimal Wear), 397.93
AWP | POP AWP (Minimal Wear), 5.79
AK-47 | Orbit Mk01 (Minimal Wear), 18.99
AK-47 | Rat Rod (Minimal Wear), 4.62
Souvenir AK-47 | Green Laminate (Minimal Wear), 13.86
AK-47 | Ice Coaled (Battle-Scarred), 4.12
Souvenir AWP | Pink DDPAT (Battle-Scarred), 20.38
M4A1-S | Black Lotus (Minimal Wear), 12.39
AK-47 | Leet Museo (Field-Tested), 18.14
M4A1-S | Briefing (Minimal Wear), 4.65
StatTrak™ M4A1-S | Nightmare (Battle-Scarred), 20.29
M4A1-S | Player Two (Well-Worn), 19.99
AK-47 | B the Monster (Battle-Scarred), 150.11
AK-47 | Red Laminate (Factory New), 315.46
AWP | Containment Breach (Field-Tested), 78.35
AK-47 | Olive Polycam (Well-Worn), 0.33
Souvenir M4A1-S | Welcome to the Jungle (Well-Worn), 560.92
Souvenir AWP | Black Nile (Well-Worn), 12.07
StatTrak™ M4A1-S | Vaporwave (Battle-Scarred), 105.38
M4A1-S | Nitro (Well-Worn), 0.55
AWP | Sun in Leo (Factory New), 33.38
AK-47 | Aquamarine Revenge (Well-Worn), 23.12
AWP | Acheron (Factory New), 1.92
AK-47 | B the Monster (Well-Worn), 223.66
StatTrak™ AK-47 | Nightwish (Battle-Scarred), 14.54
AK-47 | Leet Museo (Minimal Wear), 32.56
AK-47 | Nightwish (Well-Worn), 6.56
StatTrak™ AK-47 | The Empress (Factory New), 297.69
AK-47 | The Empress (Factory New), 149.43
M4A1-S | Chantico's Fire (Factory New), 134.27
StatTrak™ M4A1-S | Atomic Alloy (Field-Tested), 54.89
AWP | Chrome Cannon (Battle-Scarred), 20.03
AK-47 | Jet Set (Factory New), 823.23
AK-47 | Steel Delta (Battle-Scarred), 1.76
AK-47 | Jaguar (Factory New), 233.27
M4A1-S | Hyper Beast (Well-Worn), 15.28
M4A1-S | Nightmare (Field-Tested), 9.1
StatTrak™ M4A1-S | Printstream (Factory New), 850.43
M4A1-S | Boreal Forest (Well-Worn), 0.07
AWP | Snake Camo (Factory New), 192.1
StatTrak™ M4A1-S | Black Lotus (Battle-Scarred), 22.64
AWP | Desert Hydra (Battle-Scarred), 1207.43
StatTrak™ AK-47 | Inheritance (Factory New), 459.47
AK-47 | Fuel Injector (Battle-Scarred), 139.69
StatTrak™ AWP | Chromatic Aberration (Battle-Scarred), 17.06
M4A1-S | Chantico's Fire (Field-Tested), 25.93
M4A1-S | Imminent Danger (Well-Worn), 0
AK-47 | Vulcan (Factory New), 701.03
StatTrak™ AK-47 | Cartel (Field-Tested), 38.3
AK-47 | Bloodsport (Well-Worn), 136.94
AWP | Acheron (Well-Worn), 0.96
StatTrak™ M4A1-S | Golden Coil (Factory New), 297.14
StatTrak™ AK-47 | Neon Rider (Field-Tested), 85.6
StatTrak™ AK-47 | Wasteland Rebel (Battle-Scarred), 152.45
StatTrak™ AK-47 | Orbit Mk01 (Battle-Scarred), 48.44
M4A1-S | Chantico's Fire (Battle-Scarred), 18.9
AK-47 | Vulcan (Battle-Scarred), 134.33
AWP | Desert Hydra (Well-Worn), 1411.95
AK-47 | Rat Rod (Well-Worn), 3.14
StatTrak™ M4A1-S | Briefing (Minimal Wear), 14.34
StatTrak™ AWP | Containment Breach (Minimal Wear), 263.18
Souvenir M4A1-S | Master Piece (Minimal Wear), 198.35
AWP | PAW (Field-Tested), 1.52
AWP | Atheris (Battle-Scarred), 2.69
StatTrak™ M4A1-S | Flashback (Battle-Scarred), 2.88
StatTrak™ M4A1-S | Golden Coil (Battle-Scarred), 88.26
AWP | Fever Dream (Minimal Wear), 12.06
AWP | Oni Taiji (Field-Tested), 226.95
StatTrak™ AWP | Neo-Noir (Minimal Wear), 59.83
M4A1-S | Mud-Spec (Minimal Wear), 0.29
M4A1-S | Printstream (Battle-Scarred), 143.6
StatTrak™ M4A1-S | Decimator (Minimal Wear), 41.16
StatTrak™ AK-47 | Vulcan (Factory New), 1344.71
StatTrak™ AK-47 | Nightwish (Well-Worn), 15.23
M4A1-S | Imminent Danger (Minimal Wear), 1051.62
AWP | Containment Breach (Well-Worn), 53.45
StatTrak™ AWP | Capillary (Factory New), 9.02
StatTrak™ M4A1-S | Vaporwave (Field-Tested), 136.94
M4A1-S | Icarus Fell (Factory New), 467.38
AK-47 | Ice Coaled (Minimal Wear), 7.96
StatTrak™ M4A1-S | Basilisk (Field-Tested), 16.74
Souvenir M4A1-S | Knight (Minimal Wear), 2744.31
StatTrak™ AK-47 | Vulcan (Well-Worn), 230.11
AWP | Pink DDPAT (Battle-Scarred), 32.18
AK-47 | The Empress (Battle-Scarred), 25.99
Souvenir M4A1-S | Boreal Forest (Factory New), 0
StatTrak™ M4A1-S | Guardian (Minimal Wear), 57.63
AWP | Exoskeleton (Minimal Wear), 5.02
AK-47 | Phantom Disruptor (Field-Tested), 3.8
StatTrak™ AK-47 | Ice Coaled (Battle-Scarred), 9.95
AK-47 | Orbit Mk01 (Factory New), 25.18
AWP | Redline (Minimal Wear), 78.42
StatTrak™ AWP | Fever Dream (Minimal Wear), 22.57
AWP | Black Nile (Well-Worn), 2.71
Souvenir AWP | Safari Mesh (Minimal Wear), 507.7
M4A1-S | Black Lotus (Battle-Scarred), 9.32
AK-47 | Asiimov (Battle-Scarred), 26.69
StatTrak™ AK-47 | Legion of Anubis (Field-Tested), 16.81
AK-47 | Phantom Disruptor (Battle-Scarred), 3.86
StatTrak™ AK-47 | Redline (Minimal Wear), 308.6
StatTrak™ AK-47 | Case Hardened (Minimal Wear), 487.8
StatTrak™ AK-47 | The Outsiders (Minimal Wear), 60.1
AWP | Hyper Beast (Field-Tested), 24.01
Souvenir AWP | Desert Hydra (Battle-Scarred), 1152.61
Souvenir M4A1-S | Boreal Forest (Battle-Scarred), 0
M4A1-S | Guardian (Factory New), 23.87
AK-47 | Inheritance (Field-Tested), 111.34
AK-47 | Jungle Spray (Well-Worn), 4.2
Souvenir AK-47 | Safety Net (Factory New), 46.65
Souvenir AWP | Acheron (Field-Tested), 5.49
StatTrak™ AWP | Duality (Field-Tested), 5.61
AK-47 | Safari Mesh (Factory New), 1.67
AK-47 | Point Disarray (Minimal Wear), 15.92
StatTrak™ AWP | Elite Build (Minimal Wear), 38.96
AWP | Mortis (Field-Tested), 1.85
M4A1-S | Night Terror (Battle-Scarred), 1.24
Souvenir AWP | Acheron (Minimal Wear), 8.37
AWP | Wildfire (Battle-Scarred), 37.32
AWP | Oni Taiji (Factory New), 386.12
AWP | Corticera (Minimal Wear), 14.75
Souvenir M4A1-S | VariCamo (Well-Worn), 23.33
Souvenir AK-47 | Safety Net (Field-Tested), 15.29
AWP | Duality (Field-Tested), 2.06
AK-47 | The Outsiders (Field-Tested), 14.82
AK-47 | The Outsiders (Battle-Scarred), 10.29
AK-47 | Olive Polycam (Factory New), 0.68
M4A1-S | Basilisk (Factory New), 10.7
AK-47 | Emerald Pinstripe (Minimal Wear), 4.33
StatTrak™ AK-47 | Asiimov (Battle-Scarred), 66.64
M4A1-S | Golden Coil (Minimal Wear), 112.31
AK-47 | Vulcan (Minimal Wear), 449.66
Souvenir AWP | Pink DDPAT (Well-Worn), 21.89
Souvenir AWP | Acheron (Battle-Scarred), 5.72
StatTrak™ M4A1-S | Black Lotus (Factory New), 57.19
M4A1-S | Leaded Glass (Factory New), 11.24
AWP | Neo-Noir (Minimal Wear), 24.7
AWP | Acheron (Field-Tested), 0.4
StatTrak™ M4A1-S | Hyper Beast (Factory New), 311.96
AK-47 | Wild Lotus (Factory New), 13172.56
StatTrak™ M4A1-S | Emphorosaur-S (Well-Worn), 2.48
Souvenir AK-47 | Gold Arabesque (Well-Worn), 1571.12
AK-47 | Elite Build (Factory New), 5.35
M4A1-S | VariCamo (Field-Tested), 0.58
StatTrak™ AWP | Mortis (Minimal Wear), 7.35
M4A1-S | Night Terror (Minimal Wear), 0.75
M4A1-S | Imminent Danger (Field-Tested), 637.5
M4A1-S | Hot Rod (Factory New), 929.64
StatTrak™ M4A1-S | Player Two (Minimal Wear), 94.68
StatTrak™ AWP | Chrome Cannon (Well-Worn), 46.24
AK-47 | Point Disarray (Well-Worn), 10.96
Souvenir M4A1-S | Welcome to the Jungle (Factory New), 4802.55
StatTrak™ AK-47 | Vulcan (Battle-Scarred), 173.77
AK-47 | Neon Revolution (Well-Worn), 25.8
StatTrak™ AWP | Neo-Noir (Well-Worn), 59.89
M4A1-S | Nitro (Field-Tested), 0.31
M4A1-S | Control Panel (Field-Tested), 5.11
M4A1-S | Decimator (Minimal Wear), 16.19
M4A1-S | Decimator (Well-Worn), 13.16
StatTrak™ AWP | Containment Breach (Field-Tested), 148.6
M4A1-S | Decimator (Field-Tested), 10.91
StatTrak™ AK-47 | Rat Rod (Well-Worn), 10.15
Souvenir AK-47 | Black Laminate (Factory New), 590.03
StatTrak™ AK-47 | Leet Museo (Minimal Wear), 93.62
AWP | Pink DDPAT (Field-Tested), 32.04
StatTrak™ AK-47 | Head Shot (Field-Tested), 21.95
StatTrak™ M4A1-S | Nightmare (Field-Tested), 21.68
AK-47 | Aquamarine Revenge (Factory New), 127.61
Souvenir AWP | Pink DDPAT (Field-Tested), 18.48
AWP | Hyper Beast (Minimal Wear), 43.21
AWP | Redline (Field-Tested), 41.16
StatTrak™ M4A1-S | Night Terror (Minimal Wear), 2.71
M4A1-S | Master Piece (Well-Worn), 102.64
AWP | Elite Build (Battle-Scarred), 13.62
StatTrak™ AWP | Worm God (Well-Worn), 5.9
AWP | The Prince (Battle-Scarred), 1920.88
AK-47 | Steel Delta (Minimal Wear), 1.65
AWP | Acheron (Battle-Scarred), 0.31
AWP | Electric Hive (Well-Worn), 68.4
StatTrak™ AK-47 | Leet Museo (Well-Worn), 57.42
M4A1-S | Master Piece (Minimal Wear), 203.08
StatTrak™ AK-47 | Frontside Misty (Well-Worn), 32.56
AWP | Silk Tiger (Field-Tested), 161.23
AK-47 | Case Hardened (Minimal Wear), 251.1
AWP | Mortis (Minimal Wear), 3.16
StatTrak™ AWP | BOOM (Factory New), 548.86
StatTrak™ M4A1-S | Decimator (Factory New), 77.94
StatTrak™ M4A1-S | Chantico's Fire (Well-Worn), 49.26
StatTrak™ AK-47 | Wasteland Rebel (Factory New), 1067.13
StatTrak™ AK-47 | The Outsiders (Well-Worn), 23.94
AK-47 | Neon Revolution (Factory New), 79.45
StatTrak™ AK-47 | Asiimov (Well-Worn), 70.8
M4A1-S | Welcome to the Jungle (Battle-Scarred), 576.31
StatTrak™ M4A1-S | Flashback (Well-Worn), 2.62
StatTrak™ AK-47 | Elite Build (Well-Worn), 3.69
StatTrak™ AWP | Duality (Minimal Wear), 10.69
StatTrak™ M4A1-S | Player Two (Well-Worn), 0
StatTrak™ M4A1-S | Printstream (Well-Worn), 304.89
StatTrak™ AK-47 | Slate (Minimal Wear), 17.7
StatTrak™ AWP | Chromatic Aberration (Factory New), 38.15
Souvenir AK-47 | Panthera onca (Factory New), 411.65
Souvenir M4A1-S | Imminent Danger (Well-Worn), 0
StatTrak™ M4A1-S | Leaded Glass (Field-Tested), 10.15
M4A1-S | Control Panel (Minimal Wear), 8.43
StatTrak™ M4A1-S | Briefing (Factory New), 31.86
M4A1-S | Vaporwave (Well-Worn), 104.22
StatTrak™ AK-47 | Redline (Well-Worn), 56.05
StatTrak™ AK-47 | Cartel (Well-Worn), 46.65
Souvenir M4A1-S | Boreal Forest (Field-Tested), 65.18
StatTrak™ AK-47 | Fuel Injector (Minimal Wear), 456.79
StatTrak™ M4A1-S | Basilisk (Well-Worn), 21.2
AWP | Neo-Noir (Factory New), 29.69
M4A1-S | VariCamo (Battle-Scarred), 0.5
M4A1-S | Fizzy POP (Factory New), 2.31
AWP | POP AWP (Field-Tested), 4.55
AWP | Elite Build (Minimal Wear), 19.48
StatTrak™ M4A1-S | Black Lotus (Well-Worn), 23.18
M4A1-S | Emphorosaur-S (Factory New), 2.44
StatTrak™ AWP | Wildfire (Factory New), 260.71
StatTrak™ M4A1-S | Guardian (Factory New), 82.33
Souvenir AK-47 | Panthera onca (Field-Tested), 139.87
StatTrak™ AWP | Elite Build (Well-Worn), 27.31
StatTrak™ AK-47 | Legion of Anubis (Battle-Scarred), 18.04
AWP | Dragon Lore (Factory New), 11129.7
StatTrak™ AK-47 | Neon Rider (Factory New), 325.97
StatTrak™ M4A1-S | Blood Tiger (Minimal Wear), 12.88
StatTrak™ AWP | Duality (Well-Worn), 8.16
StatTrak™ AK-47 | Neon Revolution (Battle-Scarred), 48.39
StatTrak™ AWP | Exoskeleton (Well-Worn), 6.01
StatTrak™ M4A1-S | Mecha Industries (Field-Tested), 56.16
AWP | Pit Viper (Field-Tested), 0.23
StatTrak™ AK-47 | Ice Coaled (Minimal Wear), 20.22
StatTrak™ AK-47 | Elite Build (Minimal Wear), 7.8
AWP | Chrome Cannon (Field-Tested), 39.79
AWP | Chromatic Aberration (Minimal Wear), 9.88
M4A1-S | Knight (Minimal Wear), 0
StatTrak™ AWP | Corticera (Minimal Wear), 37.6
AK-47 | Crossfade (Minimal Wear), 2.74
M4A1-S | Fizzy POP (Well-Worn), 1.09
AWP | Mortis (Well-Worn), 2.99
Souvenir AWP | Safari Mesh (Battle-Scarred), 205.82
M4A1-S | Player Two (Factory New), 116.56
AK-47 | Neon Revolution (Field-Tested), 17.34
AK-47 | Emerald Pinstripe (Factory New), 7.27
Souvenir AWP | Pit Viper (Field-Tested), 411.51
AK-47 | Baroque Purple (Field-Tested), 6.67
StatTrak™ AWP | Wildfire (Field-Tested), 98.34